,Human,BLEU-1,BLEU-4,ROUGE-L,CIDEr,BERTScore,BLEU-1-KPQA,ROUGE-L-KPQA,BERTScore-KPQA
0,2.4,0.18749999998828132,2.8787878179013993e-09,0.22989949748743718,0.4746880067789354,0.49972912669181824,0.2475056067765402,0.28538332325508103,0.561606228351593
1,4.777777777777779,0.7058823528581315,0.4481501735486609,0.7058823529411764,4.96900969977081,0.8336280584335327,0.9433843609438811,0.9707224753511496,0.976186215877533
2,3.0,0.14685210998544312,8.965480643477216e-06,0.2011873350923483,0.03621630960048895,0.5038286447525024,0.19284532974956087,0.1726256993255633,0.5245732069015503
3,1.0,0.14630799454877857,1.9852724995501482e-09,0.2684268426842684,0.3743749295443371,0.7130275368690491,0.00197810654883916,0.01884416789002531,0.5096957087516785
4,3.2,0.4117647058581315,2.4623953023675646e-05,0.36563436563436563,1.1157953344339195,0.5663436055183411,0.4010637114253474,0.39920127248350384,0.6691156625747681
5,3.4,0.5134171189184995,3.792150159322016e-05,0.6379084967320262,2.1747135319977473,0.8483189940452576,0.5004199858995305,0.6339401806412953,0.8447180986404419
6,1.25,0.27272727270247943,2.950234362881453e-05,0.28818897637795277,1.7102202807301161,0.5601006746292114,0.25151384190319515,0.24696891435275817,0.5343691110610962
7,5.0,0.3333333332962964,5.612222323540175e-09,0.5495495495495495,1.603709902672874,0.8624778985977173,0.9913188871342259,0.9971330172449363,0.9850395321846008
8,1.8,0.3159745128511315,2.3302012901184297e-05,0.37423312883435583,1.0026467132962205,0.5798486471176147,0.1590258513172639,0.27727942128260785,0.5374925136566162
9,4.888888888888889,0.5647181218464112,0.3993160133977512,0.7478108581436078,4.713535134712536,0.8594122529029846,0.5737533732860088,0.9923233496918297,0.9471641182899475
10,4.75,0.4543004567159363,2.839730284068095e-05,0.43571428571428567,1.8744350772094038,0.6796156167984009,0.6182294318724043,0.880682308498855,0.8185427188873291
11,1.125,0.23076923073372793,3.636227045901134e-09,0.23076923076923084,0.9457425979577294,0.5928518772125244,0.037767463344632476,0.026863879027834835,0.4209669828414917
12,4.888888888888889,0.3647542671275065,0.350537777903658,0.577027027027027,2.9915416280699514,0.8559896349906921,0.5154329411734562,0.7262150086538761,0.8962806463241577
13,1.375,0.06847172467808692,2.976918800403072e-13,0.1550190597204574,0.14905211978183464,0.4186849296092987,0.032494366128197734,0.004666225193052126,0.3459026515483856
14,3.375,0.24999999997500005,1.712473044716128e-05,0.25,0.8269826992267261,0.42610445618629456,0.11537479756348158,0.10984990823143688,0.4598946273326874
15,4.0,0.5066024564181081,3.6389546774360928e-09,0.4259115593483321,0.9293802951527295,0.7923508882522583,0.5081621017330108,0.4292415862905328,0.7907903790473938
16,3.75,0.24999999998437505,3.0934588292167494e-09,0.28110599078341014,0.6495873238127916,0.6763169765472412,0.353117395638809,0.33022198583965856,0.6522725820541382
17,1.25,0.23300975854205383,1.9218320973629807e-05,0.36381709741550694,0.38995585002841027,0.6832941174507141,0.003593901228847312,0.05141013138860819,0.49832573533058167
18,3.125,0.4084142154989203,5.950214278111528e-13,0.3090172239108409,0.8644568827429435,0.6520509123802185,0.3556078834602199,0.24712838962711553,0.6238225698471069
19,1.6666666666666667,0.030119421185196366,2.010198698687365e-13,0.05854126679462573,0.03551132911544228,0.44625067710876465,0.03695146731561052,0.12538780626370002,0.4470944106578827
20,1.5555555555555556,0.5054422162587139,0.3258798046964367,0.5147679324894514,3.7216123991773635,0.6950337290763855,0.016778568356283417,0.07182352008134299,0.46850764751434326
21,4.875,0.7954127258804594,0.5648198096315044,0.8341880341880341,5.991573506221687,0.9387863278388977,0.7802898714664135,0.9789756109553702,0.9774547219276428
22,4.5,0.76327311344054,0.43883551835626833,0.7233201581027668,4.845258366943172,0.9004777669906616,0.8024828334819609,0.9399081653352303,0.9277994632720947
23,3.6,0.4999999999687501,0.30620490880240453,0.5622119815668203,2.829016022597972,0.725121796131134,0.9967474072758709,0.9930853353491611,0.990088164806366
24,1.5,0.7142857141836736,6.500593259109356e-05,0.7800511508951408,3.7090148783061543,0.8577370047569275,0.6129680004038115,0.6286782869479739,0.747191309928894
25,1.5,0.1999999999800001,4.463236137318893e-09,0.26180257510729615,0.760829912903616,0.4423168897628784,0.010632405294419351,0.006258423464238867,0.4318467378616333
26,1.2222222222222223,0.7692307691715977,0.6652049900527017,0.8460471567267683,6.878235899697893,0.893638551235199,0.2585249364561543,0.344555697442986,0.6255354285240173
27,4.875,0.7054014371737114,6.800874736195394e-05,0.7587064676616916,4.229991669256367,0.941158652305603,0.8659703537366482,0.8738900577317029,0.9255523681640625
28,1.75,0.1851851851783265,3.3008091190121915e-13,0.18442932728647013,0.12414447493561699,0.5359504818916321,0.25958869310884725,0.14959948439152837,0.5872785449028015
29,3.7142857142857135,0.2172991041811062,4.152337256551951e-09,0.33516483516483514,0.5149905678310115,0.7315481305122375,0.3664875494256552,0.2538122531750822,0.7440929412841797
30,1.25,0.7054014371737114,0.4548019045189752,0.7587064676616916,4.947921269094252,0.7996874451637268,0.3678365349989478,0.41926816381108745,0.5923417806625366
31,1.8888888888888888,0.14634146341106488,2.2290242827444906e-13,0.14584578601315001,0.00015794241576418458,0.5076566338539124,0.2353641898207476,0.13521141098200146,0.6067222952842712
32,1.75,0.0939230963524631,1.7611655594525177e-13,0.11444652908067543,0.0033122103695584037,0.5281192064285278,0.08994435393986125,0.11470259420096948,0.6203873157501221
33,1.625,0.2786510651921791,2.2388578265921345e-09,0.1856925418569254,0.6172578073525927,0.6587919592857361,0.4037858411962571,0.28692897628623276,0.6659281849861145
34,3.0,0.4999999999500001,0.16195570126843986,0.45,1.9701305998876415,0.6880173087120056,0.4353576995385218,0.4400296128167104,0.7042853832244873
35,5.0,0.7999999998400004,8.307018472587394e-09,0.6,2.629294131215067,0.9100826382637024,0.99793720083338,0.9590065781570044,0.9923427700996399
36,3.4,0.23076923076035508,1.3523285065948429e-05,0.24167987321711573,0.3206553629670723,0.5011244416236877,0.17259209643734189,0.24004356635138213,0.539749801158905
37,1.5555555555555556,0.6549846023313889,3.4559182851406744e-05,0.5366568914956013,2.4642611603720708,0.836181104183197,0.4296075261805295,0.498283484640634,0.7167496085166931
38,4.888888888888889,0.9999999997142859,7.598356853987667e-05,0.42857142857142855,4.575985069819981,0.9424387216567993,0.9999999588641201,0.9941661870880362,0.9241031408309937
39,3.4,0.6923076922011837,4.7855439203054915e-05,0.6153846153846153,2.950671739207075,0.7682408094406128,0.5780219733431594,0.49734630919395134,0.7029790878295898
40,1.125,0.5971094252791215,0.38498150062075853,0.6963470319634703,4.555568863631142,0.8261870741844177,0.38329527758548176,0.5106916936425551,0.7881647944450378
41,4.4444444444444455,0.4374999999726563,0.26332019390569433,0.53643216080402,2.5913362186836455,0.6781322956085205,0.7396102336351751,0.840559948162699,0.8786089420318604
42,5.0,0.7238699342839938,4.542034327534808e-05,0.7554179566563467,3.243131969518973,0.8626652956008911,0.695710466834693,0.7638213308005007,0.8828566074371338
43,4.714285714285714,0.7281668145911006,0.5751221654175287,0.820014936519791,4.823046296976091,0.8333280086517334,0.7265766711472734,0.470424792957294,0.856552004814148
44,3.6666666666666665,0.3124999999804688,5.816635420743959e-13,0.21082949308755758,0.5104333658575151,0.49130409955978394,0.1918366330900075,0.11180388560494958,0.5237942337989807
45,4.857142857142857,0.4180593901262963,0.24144954567976268,0.47043701799485865,1.5439280872179293,0.7777677178382874,0.6861183132354105,0.8515522182163248,0.8702629804611206
46,5.0,0.8433740466029842,5.3118789035721216e-05,0.71484375,4.193399110651322,0.9621061086654663,0.9216442826452927,0.9868555371984288,0.956572949886322
47,1.2222222222222223,0.5770331080226141,0.512267662252766,0.7168037602820212,4.330565059597603,0.7803210616111755,0.1987111209619912,0.2572189357057176,0.5520198345184326
48,3.333333333333333,0.3199999999872001,2.6943533706229115e-09,0.3091962346125996,0.6925255876801945,0.5321880578994751,0.1764805582830858,0.2638499777737421,0.5477833151817322
49,1.2857142857142858,0.13015926006489092,1.9549185918924254e-13,0.26521739130434785,0.0032722674749377225,0.49588724970817566,0.15745214632689405,0.2921486950096563,0.6030281186103821
50,4.714285714285714,0.3377689832872506,0.12469192513829744,0.33401779603011633,0.9374300016507185,0.6557782292366028,0.31904773255940744,0.28616516129544145,0.7231544852256775
51,1.2222222222222223,0.6666666664444446,6.865890476915431e-05,0.6666666666666666,3.287131319299948,0.7683610916137695,0.11064539619937289,0.14696100046567975,0.5461669564247131
52,5.0,0.833333333263889,0.4172261448209558,0.8318181818181818,5.093933351596447,0.9589567184448242,0.9993278674942994,1.0013853248006648,0.9598012566566467
53,1.625,0.5714285712653063,8.307018471648734e-09,0.5714285714285714,1.7629180458437554,0.8461693525314331,0.29931476545766433,0.3840865992606888,0.7262953519821167
54,1.2222222222222223,0.22992465067467047,3.2313068222958923e-09,0.3930412371134021,0.5797595666244667,0.7224744558334351,0.24339265474187158,0.2667777764575729,0.7521845102310181
55,3.2,0.33333333329629633,3.5752971640334944e-09,0.2777777777777778,0.6997013344726197,0.5206691026687622,0.18402811216991713,0.23356340659318325,0.5524899959564209
56,1.2857142857142858,0.7499999999531252,0.6026080978139051,0.7787234042553192,6.203204881477737,0.8885464072227478,0.46404421059256906,0.36724810161515914,0.7824389338493347
57,1.0,0.43343894981317116,2.650644134935406e-05,0.46112311015118784,1.2208034959079468,0.6910744905471802,0.2691817418068025,0.28466178424627947,0.6473674178123474
58,4.5555555555555545,0.7351414804785861,0.5933001423313298,0.6510138740661686,5.470444387679017,0.8546901345252991,0.7514772779160066,0.9412677462820236,0.9016478061676025
59,4.0,0.36652884975502215,0.3075485869207155,0.5948581560283688,0.9341408724171186,0.7560756802558899,0.46725634748438927,0.8463866089477387,0.8793736100196838
60,5.0,0.695986135145402,0.33010083090344405,0.7299145299145299,4.306762859169128,0.9286764860153198,0.7474110210601286,0.7197246640264671,0.9178305268287659
61,3.0,0.2388437701685161,3.3665946857693856e-13,0.23874755381604695,0.38935367259751397,0.5097131729125977,0.209171248612925,0.21426136226565184,0.581454873085022
62,5.0,0.714285714234694,0.39073802491373766,0.3728606356968216,4.675351559529469,0.8201247453689575,0.9974596462802869,0.993636084827328,0.9397727251052856
63,1.2857142857142858,0.10421550489357331,4.3543417008908437e-13,0.08243243243243244,0.29403872417107224,0.48269927501678467,0.0011316842826373226,0.10341113211686513,0.4834510385990143
64,1.25,0.4295557991369689,0.25124218540269105,0.511744966442953,3.218036027026133,0.7667748928070068,0.00834497928559524,0.005998962638092212,0.524559736251831
65,1.0,0.16666666663888907,1.2909944484291948e-12,0.2074829931972789,0.604141404599936,0.6141241192817688,0.003216279882708035,0.011265181452677315,0.48268452286720276
66,1.1111111111111112,0.27272727270247943,7.84510965356927e-13,0.2036727879799666,1.0249310204378754,0.6260508894920349,0.004842988336461268,0.031110705053905563,0.4575543999671936
67,1.2857142857142858,0.0408113781083882,5.049932717991485e-10,0.09059405940594059,3.158240009854661e-06,0.4382750689983368,0.024730439974986175,0.03761488734352868,0.44865742325782776
68,4.857142857142857,0.04267463001740491,4.577038285980378e-10,0.25781910397295016,0.0029911290594041235,0.6621423363685608,0.1350603541648154,0.908751872708511,0.8780409097671509
69,4.5,0.4548979947086589,0.16923172173909523,0.5147679324894514,1.5596262535776906,0.7664742469787598,0.6239525839810975,0.9900523703232593,0.9858160018920898
70,4.5555555555555545,0.5055592205618105,2.6207369628909178e-05,0.5987730061349694,1.4485540616410542,0.7104806900024414,0.6567541015576391,0.7218129329841423,0.8820277452468872
71,5.0,0.4583333333142362,4.010889714360288e-09,0.5187074829931972,0.9870167618052039,0.7826085090637207,0.3572739650912954,0.4357360141256465,0.7536182403564453
72,3.2,0.33333333331481485,0.14879641170339528,0.3696969696969697,1.5599402494221761,0.6032025814056396,0.25457732075023826,0.23591291891223676,0.6390784382820129
73,3.0,0.7999999999200001,0.7598356855606084,0.8501742160278747,7.618855154116618,0.6755309104919434,0.016363717404693553,0.028113545132798984,0.32061833143234253
74,4.222222222222221,0.4999999999375001,2.722589422710649e-05,0.4375,1.9649443044874106,0.685529351234436,0.48075379990648104,0.3844651663479913,0.6900158524513245
75,1.2857142857142858,0.6249999998437503,0.36555522275082986,0.625,4.022454308509436,0.8342745304107666,0.05072553023737515,0.05992011373605593,0.5582934617996216
76,4.75,0.6549846023313889,0.2557665696563079,0.44721407624633425,3.460087032720158,0.8599187731742859,0.8812090837606281,0.769736421705968,0.8530621528625488
77,1.5,0.7777777776049386,0.725979528935783,0.7777777777777778,6.839705948926111,0.9033170938491821,0.1616213909260932,0.16535393129239911,0.672704815864563
78,1.4444444444444444,0.6666666666111113,0.4692470063653536,0.7393939393939394,4.858291543971586,0.7857600450515747,0.13140708298364573,0.010518950157006072,0.4854113459587097
79,2.6666666666666665,0.24999999997916675,3.986357127883976e-09,0.4121621621621622,0.6796553139064789,0.6141621470451355,0.8639569128765777,0.9350714526614592,0.8928385972976685
80,5.0,0.6441233938804958,0.34191776488274966,0.48897795591182364,4.1821007479142915,0.8198480010032654,0.8158809344878862,0.9950018276838748,0.9325934648513794
81,4.714285714285714,0.4285714285561225,0.29615165358996703,0.5903225806451612,0.3861794848748411,0.7782220244407654,0.871105307624959,0.7052357738673072,0.9379826188087463
82,3.2,0.25751560876850665,0.15719010509832393,0.4402061855670103,0.7745236477977234,0.6723954677581787,0.09522255351808247,0.1552973812662464,0.5307369828224182
83,1.25,0.2857142856734695,6.985342055253716e-09,0.34366197183098596,1.6779014216285313,0.6260254383087158,0.0011501042296130485,0.28287706144834235,0.4047834575176239
84,1.8888888888888888,0.1992862939012548,3.5902757993385563e-13,0.16542372881355932,0.21264926401951578,0.4059850573539734,0.15435698316941174,0.12655612613129882,0.4642612040042877
85,1.8888888888888888,0.20226855960863907,3.7008861654955033e-13,0.1366691560866318,0.2751070655458859,0.4593496024608612,0.233556415175596,0.21215839488080393,0.532832145690918
86,1.625,0.3999999999733334,0.32377227129041486,0.5236051502145923,2.9839542937217844,0.7655907869338989,0.0030224742456601583,0.0063440971499796805,0.44201257824897766
87,3.8333333333333335,0.6999999999300001,0.45180100175082294,0.7439024390243903,5.31531949105199,0.9037719368934631,0.49825892313492215,0.6239102889549094,0.8311543464660645
88,2.6,0.19999999998666673,5.501034141770605e-13,0.13879408418657563,0.600870797061144,0.524205207824707,0.22346839921850423,0.0075318480385920435,0.5018872022628784
89,5.0,0.42437284555570076,0.30007691682975673,0.6640746500777605,3.0976748208117755,0.839240312576294,0.4965853516884157,0.8595552946498737,0.8944110870361328
90,4.875,0.41960713664321503,3.009644125715737e-05,0.6029654036243821,1.8236116670711828,0.779171884059906,0.18936018059799506,0.3655512033993142,0.6646499633789062
91,1.0,0.6618726767729786,0.6004287710782593,0.6984732824427481,6.3243811722438315,0.7950904369354248,0.20372542896170737,0.05156081112718904,0.6376227736473083
92,3.1666666666666665,0.23461201608901255,0.09240985185585265,0.24270557029177717,0.4613051173647664,0.6191596388816833,0.16795802350312072,0.23123143947830288,0.6140087842941284
93,5.0,0.18345995339255342,0.11451638289553784,0.359882005899705,0.2532670409369544,0.6460129022598267,0.2393124768590229,0.9931377665319002,0.9183969497680664
94,1.4444444444444444,0.7999999996800004,9.036020031392194e-05,0.8,3.66614005879532,0.9183390140533447,0.61137587683075,0.25158694311899604,0.7085219621658325
95,3.2,0.18393972055506455,2.073942537975259e-09,0.2620274914089347,0.08310399348064669,0.5077112317085266,0.19969835507721748,0.24340876121019994,0.560501217842102
96,5.0,0.6249999998437503,5.4663255680950514e-05,0.625,2.856009283148267,0.6861556768417358,0.7388159984926062,0.9988434245728885,0.9848060011863708
97,3.5,0.4795947285146029,0.20910516203782475,0.4066666666666667,2.287512710035953,0.6605209708213806,0.4101612422341318,0.3524562278483329,0.7077878713607788
98,5.0,0.6999999999300001,4.51801001750823e-05,0.6802973977695167,3.4171438489098707,0.9369925856590271,0.9991934735011994,0.9987194477967849,0.976668655872345
99,3.6,0.18749999998828132,2.8787878179013993e-09,0.28067484662576686,0.22828135823421203,0.4981319308280945,0.14066426942465676,0.16246194893335145,0.4892621338367462
100,3.6,0.5647181218464112,0.4748694442671275,0.7478108581436078,5.123260390031139,0.8898471593856812,0.6065306366412528,0.3300299614221597,0.8027665615081787
101,2.8,0.07692307691124271,4.913270547335137e-13,0.07692307692307691,0.00365713202703467,0.5317385196685791,0.15644382805428303,0.09074215955567225,0.49536436796188354
102,1.2222222222222223,0.402192027460507,8.42882834032816e-09,0.48541114058355433,2.0061526014481594,0.9030309915542603,0.40177637925614446,0.4937771767469461,0.8550732135772705
103,4.777777777777779,0.5338249351592445,0.26449672167591654,0.4911433172302737,3.208524750905855,0.8007875680923462,0.7924908560804992,0.890213905437143,0.9073911905288696
104,1.5555555555555556,0.7777777776049386,0.6104735834296803,0.6666666666666666,5.833277695564094,0.7389174103736877,0.01354682278304611,0.002682046231853237,0.32052043080329895
105,1.25,0.7777777776049386,0.5133450479131076,0.7777777777777778,4.691758071227704,0.8907564878463745,0.012523344782277249,0.012014387163351783,0.666650652885437
106,2.6666666666666665,0.4999999999750001,3.1872714731477544e-05,0.48605577689243035,1.591099633880297,0.6488728523254395,0.5458067035654564,0.25180274221582144,0.6159579753875732
107,1.125,0.6814506850171169,0.46307771606775977,0.7624999999999998,4.586619423240417,0.7285981774330139,0.31798007179266735,0.28259548093598313,0.6193414926528931
108,1.7777777777777777,0.18091582703463888,0.08075887765380572,0.20414993306559573,0.23762052904558614,0.538555920124054,0.1293720966175078,0.1708158096100382,0.5296099781990051
109,3.4,0.32450032622566877,2.3589691932103154e-05,0.363095238095238,0.7714160063437646,0.5883558392524719,0.18426052502016524,0.267492696844165,0.6771143674850464
110,1.5,0.13033045755525136,0.06648642192355353,0.3074596774193548,0.23407510981222718,0.7376244068145752,0.12880097658478878,0.0800307614465976,0.697597324848175
111,1.0,0.4999999999583334,6.238986071516447e-09,0.3505747126436781,2.35592747502337,0.7408352494239807,0.15002708564949946,0.23820565394034318,0.5803698897361755
112,5.0,0.8999999998200003,0.4810977289921636,0.8,5.559007906074394,0.9849398732185364,0.9740959005265171,0.9598903197809586,0.9924551844596863
113,4.4444444444444455,0.5841005871575288,0.2979714704606748,0.6535714285714286,3.484097892070379,0.7418315410614014,0.7675568710851124,0.9515768810809475,0.9063374996185303
114,3.75,0.3189065572328544,0.2255009891736033,0.5972027972027972,2.0029921249963847,0.8246521949768066,0.4111123236797624,0.5224270248188202,0.7700579762458801
115,4.4444444444444455,0.562499999982422,0.5401015651800282,0.6598557692307692,2.5448880659716315,0.800167977809906,0.48721103529394844,0.9774201509699126,0.8290826678276062
116,3.333333333333333,0.4814814814636489,0.2385948537811694,0.4689028651292803,1.7427901530320322,0.6349861025810242,0.4527805654642701,0.40398788783427975,0.7045814394950867
117,1.7777777777777777,0.1388888888850309,0.09598524129527267,0.22897897897897898,0.000618121611830171,0.5283567309379578,0.012392699926652203,0.0040697794215275905,0.3492754101753235
118,1.5714285714285714,0.5999999999400001,0.41113361685128985,0.6802973977695167,4.65281845078192,0.7536850571632385,0.19455494300192053,0.1903775556674604,0.43101149797439575
119,4.125,0.11309868930439788,4.2953554316504887e-13,0.13020277481323372,0.4530318086694652,0.6067769527435303,0.18466202186814848,0.1735600599403429,0.6029697060585022
120,4.666666666666667,0.5555555554938273,4.719297633471806e-05,0.6916099773242631,3.3073140434296033,0.8660632371902466,0.9967691956689596,0.998084238151359,0.983734130859375
121,3.5,0.15163266490920432,1.254742470735905e-05,0.1930379746835443,0.35310002257881445,0.521165132522583,0.08683596110183425,0.09795968893799528,0.5315427184104919
122,4.875,0.26666666664888894,3.953088374374989e-09,0.43963963963963953,0.5434638524409026,0.7283930778503418,0.30319003248466275,0.465350220264988,0.7312776446342468
123,1.0,0.11111111109876555,7.583235672378979e-13,0.1506172839506173,0.02115110685969116,0.3649325668811798,0.12453786931434947,0.13205255812293717,0.46364766359329224
124,5.0,0.4999999999500001,0.27776190336791945,0.4535315985130111,3.308805662133331,0.7921212911605835,0.8721186936621914,0.9811267743889702,0.9342748522758484
125,3.75,0.8666666665511112,0.5410822689775094,0.8,5.728161696625214,0.941157877445221,0.6255179802920249,0.3415322251454718,0.8812432885169983
126,1.0,0.0999624135695515,2.834476941574866e-13,0.1622340425531915,0.1310171500183136,0.5041974782943726,0.05777411535177773,0.12882852753885213,0.4301410913467407
127,4.777777777777779,0.7272727272066117,4.172261448166098e-05,0.5091819699499166,3.38336531397845,0.9431521892547607,0.998275050795407,0.9937183261071347,0.9572751522064209
128,1.2222222222222223,0.5555555554938273,0.4463236137244505,0.6916099773242631,5.033802582401954,0.8209534287452698,0.15351907766736567,0.0988084587776691,0.5719630122184753
129,3.2,0.25714285713551027,1.3009868452696128e-05,0.2942798070296347,0.008290884544557828,0.5963950157165527,0.24888888917324253,0.2705948239899216,0.6636967062950134
130,1.3333333333333333,0.4166666666319445,0.31702331382180166,0.552536231884058,3.242399388012678,0.8243734836578369,0.1107515944754505,0.17861830661048336,0.6851376295089722
131,2.4,0.2749999999931251,0.15662677402020614,0.2648883374689826,0.0016181359419954956,0.6065678000450134,0.2267707843595897,0.3416586968771995,0.6047307848930359
132,1.375,0.7272727271404961,0.4692470063178068,0.7272727272727273,4.526961486945271,0.7706427574157715,0.09300171791067428,0.06462962435182208,0.5210389494895935
133,3.333333333333333,0.24250936280993265,1.959552268428359e-09,0.22409992652461425,0.2083237662031267,0.5519480109214783,0.18848480416140423,0.28165189990933326,0.5824019312858582
134,1.7777777777777777,0.5384615384201185,0.23901088822429833,0.5970636215334422,2.348194131099866,0.5568844676017761,0.0009220116550841439,0.0030301835643691166,0.29019060730934143
135,1.0,0.2758620689560048,1.9355268993636575e-09,0.27374719521316376,0.08381980125380348,0.5666378140449524,0.25746309953339813,0.2577690969497293,0.6502999067306519
136,2.4,0.29411764704152255,0.15138514597784253,0.3885350318471337,0.9186278757829922,0.5222242474555969,0.24266576287523903,0.23383436848227807,0.5757846236228943
137,4.875,0.4090909090723141,0.22272273120930888,0.580338266384778,0.741876230835967,0.7596917748451233,0.7065141616763033,0.799938881639707,0.8824204206466675
138,2.6,0.5536730084061497,0.2670976496464439,0.6264441591784339,3.2985452644619953,0.8401483297348022,0.016268323989124263,0.02513780540598592,0.5687996745109558
139,4.428571428571429,0.3511576483589988,0.3498790785819344,0.6002811621368322,0.0080923190125668,0.812982976436615,0.30915481710784104,1.0405131765966213,0.9658273458480835
140,1.3333333333333333,0.4285714285102042,1.3747081014995343e-12,0.34366197183098596,0.8092849784347106,0.7052615880966187,0.17926076721127626,0.18706195981565246,0.4207629859447479
141,5.0,0.8300915601056766,0.4216120483654813,0.6902404526166903,4.826107401007169,0.8789395093917847,0.9190179579841417,0.988864454768292,0.9412370324134827
142,1.5,0.3654331470362928,0.308590691748252,0.5830346475507765,2.045562530980569,0.7201836705207825,0.0929868623008779,0.01230856863370569,0.5797495245933533
143,2.6,0.11389519902800446,2.1539946509545263e-13,0.12797202797202795,0.0100525499882592,0.4826458692550659,0.0877369769025478,0.13487740290581482,0.512536346912384
144,1.5714285714285714,0.1988531814701149,4.537922866408588e-09,0.20854700854700853,0.7175193659927026,0.42012766003608704,0.06100248215686635,0.0929223556530292,0.453311949968338
145,1.75,0.4043537730069712,6.227190210443543e-09,0.5147679324894514,1.8277585711993851,0.7813475728034973,0.25816656021923284,0.37677434376102653,0.7041788101196289
146,1.625,0.08556951982925763,2.3081684051031625e-13,0.11960784313725491,0.0009038520156845357,0.4017758071422577,0.07953533433010505,0.10883219170021374,0.4885298013687134
147,2.4,0.2032848298296427,1.6886908369293644e-05,0.3265524625267666,0.5162474370173565,0.6828290820121765,0.03016274492491035,0.04892578960482857,0.49718692898750305
148,1.0,0.7999999998400004,0.6606328634575929,0.8,6.565691348686947,0.8786511421203613,0.5569452935318275,0.5401389326082016,0.7232415676116943
149,3.4,0.4111122904158294,2.5533958145206053e-05,0.6559139784946237,1.3114591965977953,0.8619157671928406,0.48322508697749395,0.9747610168517663,0.9203401803970337
150,5.0,0.5833333332361111,0.30661487097417767,0.3333333333333333,3.9999176338087175,0.8483201861381531,0.9960968987463108,0.9838499660014578,0.935160219669342
151,1.5,0.8571428568979593,0.8091067113010008,0.8571428571428571,7.83304759341868,0.872070848941803,0.5019729942964836,0.501861848172637,0.8086569309234619
152,5.0,0.6666666665185187,8.783602617539847e-09,0.2222222222222222,3.2941971194107267,0.8755667209625244,0.9813931472750176,0.9896620704999586,0.9324883222579956
153,5.0,0.7328516840269012,0.4273064994021736,0.8124306326304108,4.816579792355884,0.9478475451469421,0.7615792786303444,0.9045037161545548,0.9237926006317139
154,2.833333333333333,0.2608695652060492,2.3050898625491595e-09,0.19950940310711365,0.7121503938761131,0.6258246302604675,0.012120513216530054,0.42548858575414117,0.4814142882823944
155,2.2,0.6549846022003919,7.39806748512946e-05,0.5366568914956013,2.9914114213702825,0.7077768445014954,0.026606084531888202,0.9690897224461683,0.42213526368141174
156,5.0,0.772184789568475,0.37707945955236966,0.6984732824427481,4.631641892842348,0.9305205941200256,0.9987179214969828,0.9983347976627955,0.9959747195243835
157,2.8,0.09022352212766734,9.291972323649121e-06,0.30576441102756885,0.23863529096341565,0.48077043890953064,0.0004714402115318966,0.06518480699216984,0.45827776193618774
158,1.4285714285714286,0.3297707380878974,3.542408525844612e-09,0.2820809248554913,0.7756740563474301,0.45238643884658813,0.16355142762085575,0.16092780389569875,0.5221494436264038
159,2.8,0.9090909089256201,0.49616829993596173,0.7272727272727273,5.541609757901968,0.939297080039978,0.5096986180662008,0.5029113037058861,0.7270005345344543
160,1.5,0.42857142854081637,0.3498761148828787,0.6079734219269103,2.21661730082183,0.6912137269973755,0.25784616594574283,0.3598805188491934,0.6923896074295044
161,1.5,0.14269493096155,0.07541502811510965,0.3303994583615436,0.01413874833790332,0.6887660622596741,0.14831922257464056,0.33740850409918643,0.6727854013442993
162,1.1111111111111112,0.12586045776057975,2.6650715940365104e-13,0.07007466973004021,0.10766306583912105,0.41852790117263794,0.13799629579053532,0.10235077271034272,0.5046828389167786
163,3.6666666666666665,0.16374615059376366,4.5038658252992806e-13,0.11925708699902247,0.5812770831693771,0.5837301015853882,0.18458006604586422,0.1291217037275869,0.586724579334259
164,1.0,0.11151288947954714,1.6307345904810037e-09,0.2726256983240224,0.15201964314501176,0.6311929821968079,0.13356247685136546,0.2452870429713121,0.6377710103988647
165,4.666666666666667,0.6315789473351802,0.4699152171723281,0.7762460233297985,3.509994236963875,0.83132004737854,0.9749634776234183,0.9901123644668965,0.9846702218055725
166,2.0,0.6153846153372783,0.32523403427534525,0.6233576642335765,3.3401621259533036,0.7971788048744202,0.30524893982522106,0.3790839236444426,0.6945902109146118
167,5.0,0.916666666590278,0.4771897075351166,0.7011494252873562,5.7109110133522725,0.9376125931739807,0.9994690895275088,0.9996918098707764,0.9547392129898071
168,1.375,0.6428571428112246,0.5296074932979102,0.6541554959785522,5.336012349652831,0.715726912021637,0.00415832007899736,0.004222644945502306,0.35744455456733704
169,1.2857142857142858,0.4285714285102042,5.169731538590075e-05,0.5154929577464789,3.091279730098324,0.8350636959075928,0.013804089487562902,0.022320770769657827,0.5668160915374756
170,1.1111111111111112,0.18161846757003194,3.8950717227763784e-13,0.13895216400911162,0.19632852740309314,0.5212929844856262,0.18316315770224542,0.23706036594659335,0.5787564516067505
171,5.0,0.6999999999300001,0.30213753969949836,0.6075697211155379,4.277208064914927,0.916023850440979,0.8174909867945711,0.9885234892905963,0.9415884017944336
172,4.75,0.558376334867083,0.4191742489181962,0.6841121495327103,5.160812793068886,0.8619775772094727,0.7072117158252365,0.952297600784327,0.9153077602386475
173,1.1428571428571428,0.20762737815230617,5.972485012398712e-13,0.15661103979460847,0.5052623248985706,0.5277996063232422,0.10398707332541572,0.16913779870968446,0.5663313269615173
174,1.5,0.1644151716145782,0.09884681569150286,0.4492635024549918,0.06682274050737869,0.7153589129447937,0.08328318740105849,0.13239105675755994,0.5825963616371155
175,3.0,0.6063657584898833,0.5658266413179537,0.6567967698519516,5.728487409594425,0.868363618850708,0.011692202860160934,0.03333365722130922,0.6533984541893005
176,1.125,0.32450032622566877,2.3589691932103154e-05,0.29047619047619044,1.0762111098772063,0.7040277719497681,0.22985704427025455,0.2446220636954407,0.6228456497192383
177,3.1666666666666665,0.3980729502745416,0.2561812362635672,0.32496194824961955,1.4916294878364746,0.6079614162445068,0.3234779855999654,0.29358033480564844,0.6303824782371521
178,1.2857142857142858,0.5555555554938273,0.31559845386824426,0.594541910331384,3.2762580850834566,0.6855717301368713,0.03766508295862005,0.09260284169463402,0.522800624370575
179,3.6666666666666665,0.30769230768441824,1.8673026059485142e-09,0.22561257512713828,0.46565091819582227,0.4956769645214081,0.2486672101774956,0.16148504853348059,0.5656657814979553
180,4.0,0.25272110819253724,0.12633328963683596,0.28955696202531644,0.25063432364265203,0.5150638818740845,0.18420176153390652,0.25322859207632,0.5785204768180847
181,1.125,0.22222222220987659,4.830942081791594e-13,0.18484848484848485,0.42569337834599486,0.49227070808410645,0.021219206895032875,0.3442622823270142,0.4507344365119934
182,1.4285714285714286,0.7238699342839938,5.401419538890992e-05,0.6609907120743034,2.805318231359248,0.7008212208747864,0.0025725574238228384,0.4564458884863308,0.3471849858760834
183,3.5,0.23529411763321803,0.14317123153626546,0.38065522620904835,0.5603386180785753,0.7019914388656616,0.00934153034254184,0.00922884615873374,0.46088868379592896
184,1.2222222222222223,0.6227957576857852,0.4888290317447996,0.6876006441223833,5.1333107677605145,0.8261471390724182,0.3936773150042828,0.47700131141356084,0.7457728385925293
185,4.5555555555555545,0.2854529552074726,0.11188845881097292,0.39482200647249194,0.21651074712742677,0.7679114937782288,0.43832646908242673,0.995278199249527,0.9170458912849426
186,5.0,0.6703200457675116,7.087771536170868e-05,0.8090185676392573,3.903345633887134,0.912160336971283,0.7165313091079079,0.8667180479919279,0.947426974773407
187,5.0,0.33333333331111115,4.179882048905088e-09,0.4128595600676818,0.5725092813714872,0.6825565099716187,0.14479427910073786,0.23734425389035718,0.5120072364807129
188,1.5,0.6814506850171169,0.33277145508323946,0.5446428571428571,4.175645819347355,0.8950377702713013,0.5602672493158363,0.6673328614292117,0.8169616460800171
189,4.875,0.8260869564858223,0.700157530990336,0.8249436513899324,7.132989431686017,0.8867266178131104,0.8057668966008561,0.8382112226035431,0.9103192090988159
190,1.2222222222222223,0.48446388235538096,0.22076069958238917,0.31322207958921694,1.627718160925329,0.6445106863975525,0.26046148287118326,0.3054643673181038,0.5739607214927673
191,1.0,0.47766185076754386,0.33828899081274894,0.4143396226415094,1.6807770854543107,0.6289488673210144,0.2544845778370449,0.08950262912755952,0.454816609621048
192,1.2222222222222223,0.6549846022003919,0.5475182532217799,0.7155425219941348,5.177221659036407,0.8089611530303955,0.017715946864857477,0.020233371848475727,0.433334618806839
193,4.0,0.6807123982186607,0.5794333481929158,0.8150051387461459,5.017673242804478,0.887421727180481,0.6270890939619409,0.324474026813427,0.8328196406364441
194,3.4,0.5800491561235391,0.37707028165706485,0.5968688845401174,2.3671013011724025,0.7205090522766113,0.5010834553887619,0.545440563485521,0.748957633972168
195,5.0,0.7142857141836736,0.6147881528345279,0.7800511508951408,7.2116558372193555,0.9142983555793762,0.9968930841103286,0.9930690933368965,0.9640346169471741
196,1.4285714285714286,0.15999999999360004,1.2740810459780215e-05,0.20866590649942987,0.016974526438784835,0.51140958070755,0.2257712114281913,0.3883008930842338,0.6767778396606445
197,4.5,0.33333333331111115,2.3505204105206395e-05,0.3779429987608426,1.436254663551365,0.6449459791183472,0.2602476785372373,0.22968947049446153,0.6711552143096924
198,2.833333333333333,0.12499999999687503,1.2287542170045074e-09,0.17478510028653294,6.858148948983646e-06,0.5337340831756592,0.17564209061467498,0.16133510313099486,0.6471846699714661
199,5.0,0.772184789568475,0.7420884816454137,0.8148854961832059,7.59222540441572,0.7745262384414673,0.707663417572199,0.9483703205059892,0.9416235685348511
200,2.6,0.19244121505593814,4.4613314160298894e-13,0.1982665222101842,0.45857142220756436,0.6267247200012207,0.060320267348385644,0.008900550918366263,0.42740780115127563
201,1.3333333333333333,0.48404410443978113,0.25694343640844075,0.6409807355516637,3.2587388923382994,0.8142826557159424,0.32417850673270227,0.4138047651019161,0.6538090109825134
202,1.5555555555555556,0.5054422162587139,0.3258798046964367,0.6434599156118143,3.9127345411618313,0.7749106884002686,0.13635986178232262,0.21577880572438907,0.696440577507019
203,3.8,0.370370370356653,0.24010981784314084,0.5893719806763286,0.07497040297917908,0.7450810670852661,0.7993588423555062,0.8159332104364369,0.8945180773735046
204,5.0,0.5841005871575288,4.455712751920649e-05,0.6535714285714286,2.372028897682127,0.7261903882026672,0.6365027063544085,0.9520477092375659,0.9343667030334473
205,4.888888888888889,0.866666666608889,0.572124842412178,0.832764505119454,6.2186723572624665,0.8928049802780151,0.9900354792126271,0.9947773783054736,0.9538878798484802
206,1.75,0.14999999999625002,1.6925466459110813e-09,0.18429003021148035,1.2089822896783838e-06,0.4978753328323364,0.0844082817309471,0.15932859054039364,0.4759616255760193
207,1.125,0.695986135145402,4.5936133196460516e-05,0.41709401709401706,2.717094229213335,0.7781675457954407,0.5025065724595843,0.48133080066613954,0.7738939523696899
208,1.625,0.05904581907786547,4.1490800889444255e-13,0.08664772727272725,0.23115506558596383,0.534286618232727,0.05945739549843236,0.007211458181967466,0.399980366230011
209,1.25,0.7368576776228124,0.7205745448992853,0.8049853372434018,7.016668769959144,0.8032801747322083,0.3993028316707744,0.3816414487724431,0.7160739302635193
210,5.0,0.8181818181074382,0.37817904272487507,0.6724409448818898,5.113033623357092,0.9575009346008301,0.99930218574233,0.9987584944866105,0.9968063831329346
211,5.0,0.6666666666222223,0.4920274515018516,0.7558859975216852,4.801591488898616,0.7092132568359375,0.9876097171347387,0.984501578202661,0.9599692821502686
212,2.6666666666666665,0.2066525066412749,3.821774390874109e-13,0.19473264166001597,0.3181875308807877,0.6024719476699829,0.3075842560252471,0.3165195993629722,0.645423948764801
213,4.875,0.5555555555246915,0.4624892603587705,0.6644880174291938,3.803733424638761,0.650413990020752,0.48389807541235774,0.04635555150873421,0.6051085591316223
214,4.75,0.12499999998437514,8.783602618320613e-13,0.17732558139534885,0.6203130943577355,0.697308361530304,0.9843471392105831,0.40372063687134097,0.758402943611145
215,3.333333333333333,0.36666666665444453,1.4966430143282047e-05,0.3164721141374838,0.4340694755713295,0.6405112147331238,0.5037079925612483,0.2914495144869819,0.6765861511230469
216,1.4285714285714286,0.292804466832806,2.2858817493210486e-09,0.2721478648820905,0.3122442426493395,0.5341931581497192,0.1924295124908505,0.12251380887731873,0.5435068607330322
217,3.8,0.2499999999687501,5.873949093767425e-09,0.26991150442477874,1.210708732464397,0.5965084433555603,0.14855713418056146,0.18580400131013278,0.5039046406745911
218,1.0,0.6666666665185187,0.3549481055131488,0.6666666666666666,3.473655079604172,0.8320443034172058,0.25342369891283045,0.09609477532248138,0.6389952301979065
219,1.5,0.4999999999500001,6.674094718242314e-09,0.5669144981412639,1.2064017825058446,0.6781736016273499,0.4949036700386404,0.4965424698514297,0.6496257781982422
220,1.125,0.4166666666319445,0.22416933499762692,0.3696969696969697,2.6865602716516523,0.7373009324073792,0.25210191126013015,0.3308140307723879,0.6915132403373718
221,1.0,0.6249999999218752,8.783602618320611e-09,0.5398230088495575,2.407178945589603,0.8532337546348572,0.45436031263082477,0.4176403692046196,0.7799644470214844
222,1.4444444444444444,0.6013781187917564,0.34364463929801803,0.716442953020134,3.8481542574871996,0.7901848554611206,0.2108662193817023,0.20789200282409678,0.6529152393341064
223,1.625,0.07740440225293586,8.004376274117526e-10,0.12668743509865005,0.00045293708291485385,0.6140311360359192,0.080078202352542,0.19590089991548892,0.6168774366378784
224,2.8,0.772184789568475,0.7420884816454137,0.8148854961832059,7.129718398408055,0.7872434258460999,0.13739048853637337,0.055194877630423474,0.3892260491847992
225,5.0,0.6666666665185187,0.33031643171962105,0.4444444444444444,3.462702496855124,0.7828657627105713,0.9976145167225352,0.994445954372553,0.9409581422805786
226,5.0,0.9090909089256201,0.5156626917220543,0.7272727272727273,5.541826864453273,0.917435884475708,0.8592725587677458,0.9218677303711305,0.8885820508003235
227,1.1428571428571428,0.27272727270247943,4.411629358851744e-09,0.3055091819699499,0.716330610588737,0.4820483922958374,0.005337234494038438,0.0036197627800352438,0.42156505584716797
228,1.25,0.22222222217283966,5.071215335691334e-09,0.2222222222222222,0.8030619492229727,0.4840674102306366,0.0035886072191784833,0.006497112327809756,0.3134209215641022
229,1.2857142857142858,0.07733444754168316,7.5181971713262604e-06,0.26208378088077333,0.09697197226177695,0.5290939807891846,0.004711355113695032,0.011565586146864914,0.37555551528930664
230,2.2,0.5515605640464272,2.7299678348861275e-05,0.523854961832061,1.8491581430012642,0.7657627463340759,0.29859931807649787,0.3077219701174834,0.6773337721824646
231,3.2,0.2413793103365042,0.09264863756752234,0.272078501338091,0.01963266998995992,0.6020432710647583,0.11115400349849718,0.006960250818093426,0.40716636180877686
232,4.875,0.7980538110608693,0.5298680960064828,0.7539325842696629,5.844344628272653,0.9330112934112549,0.9443010450045453,0.9861691094147573,0.9765955209732056
233,1.1666666666666667,0.3032653297552284,1.0305224262915758e-12,0.3860759493670886,0.7954311740954951,0.850895345211029,0.10146128829625234,0.17752293257600413,0.7571362257003784
234,1.25,0.6348612935621505,0.5345999664352702,0.6828358208955225,5.125281576446781,0.7142562866210938,0.15259821451951208,0.1713564401630532,0.5643226504325867
235,5.0,0.35946317122188487,0.24961293659810888,0.5434298440979956,1.627002573867864,0.6776544451713562,0.4818988479913219,1.0022070391613533,0.9370841383934021
236,3.8571428571428568,0.3647542671275065,0.2084310097801369,0.577027027027027,2.084485640964372,0.7755461931228638,0.4347227690181152,0.6566139676274776,0.7969322204589844
237,1.25,0.7777777776913581,0.48549177164109825,0.7134502923976607,5.396712951633074,0.8635793924331665,0.27245375524767906,0.2579158563398613,0.5484612584114075
238,1.125,0.7054014371737114,6.145284037925733e-05,0.6069651741293532,3.0767083015963075,0.922174334526062,0.6804883497791582,0.7502594895216472,0.889260470867157
239,1.4444444444444444,0.7301257340381764,0.6823510397991353,0.8169642857142859,6.118930476512404,0.8097323775291443,0.3316980934635203,0.26869787756439534,0.6715496778488159
240,1.8,0.010918040995561734,7.983125177209992e-14,0.05674418604651163,0.0010453369738951351,0.571654200553894,0.04307920880008996,0.3808642188969756,0.6577579975128174
241,1.75,0.3621651736955378,2.783821088273061e-09,0.2793040293040293,0.5014976912062296,0.7821400761604309,0.4626006559198319,0.2533000709703093,0.7190356254577637
242,1.2857142857142858,0.357142857117347,0.1879831764581904,0.45252225519287836,1.901220122517861,0.6157914400100708,0.0031429470572621287,0.15540150189766683,0.42522475123405457
243,1.125,0.692307692254438,0.3541698765833131,0.725231175693527,3.9628347738329,0.8918733596801758,0.652247772055928,0.6609701892964648,0.8639799952507019
244,1.375,0.6549846023313889,4.109802613557292e-05,0.7155425219941348,2.1968919063120937,0.8763502240180969,0.5056001235122322,0.5500655078674612,0.7544938325881958
245,1.5714285714285714,0.8300915601056766,0.6407117596975157,0.8628005657708628,6.529386485921069,0.8638421297073364,0.3780050794463583,0.40205772527720235,0.7449218034744263
246,4.0,0.2096685181629182,0.12519676639303784,0.47984267453294005,0.32452387377262465,0.7416040301322937,0.27197477706842643,0.8540154020480865,0.8965957164764404
247,1.375,0.8461538460236689,0.6812455363078506,0.8461538461538461,6.881737759514134,0.9530872106552124,0.5044178379137141,0.5043722487160739,0.8536972999572754
248,4.75,0.7142857141836736,1.0445522728736977e-08,0.7800511508951408,2.904672953113397,0.8689259886741638,0.8684984773545376,0.679879374749367,0.8367664813995361
249,5.0,0.6703200459462635,0.587304982671542,0.8090185676392573,4.661860152718034,0.9459266066551208,0.6485465748168853,0.7779138906501981,0.9302302598953247
250,4.888888888888889,0.3594631711499922,6.071333655582594e-09,0.5434298440979956,1.954477927128206,0.8389166593551636,0.5070318413465765,0.9653837606967659,0.9780886769294739
251,1.25,0.2999999999700001,8.783602618662196e-13,0.21254355400696867,0.9209656178484751,0.7299423217773438,0.26803733636972227,0.2746577307736516,0.6858528256416321
252,1.6666666666666667,0.49393047238583776,0.32863168086104133,0.6646489104116223,2.5469815362590333,0.7578718662261963,0.317757647167953,0.4158913570394197,0.6412510275840759
253,4.75,0.5333333332977779,0.3479159474868944,0.6639455782312924,3.1794517998505083,0.7408579587936401,0.9113306310153934,0.9969932204606049,0.9406738877296448
254,1.3333333333333333,0.33333333331111115,3.514847831107641e-09,0.36802413273001505,0.6889727985457538,0.6838376522064209,0.06852404713002959,0.19560358744396875,0.5099142789840698
255,3.8,0.09326318519761098,9.367449241974e-10,0.2001312335958005,0.001253793170886361,0.5860944390296936,0.07963561380226822,0.20420136001310712,0.6350153088569641
256,2.5,0.2592592592496571,2.4010981784314084e-09,0.1189083820662768,0.3898503385411561,0.40184515714645386,0.14811736622665253,0.06698900606700141,0.5032410025596619
257,4.625,0.7954127258804594,5.103723116615585e-05,0.7299145299145299,3.8655482572302047,0.9010858535766602,0.6804107967201822,0.9970259655666007,0.9463058710098267
258,1.375,0.05908331462702794,4.577929540957808e-06,0.18020679468242246,1.6697877604324742e-06,0.47736430168151855,0.050948977492470245,0.14362964615015014,0.4901510775089264
259,3.8,0.16721792777479783,1.844024656409457e-09,0.2858481724461106,0.17689034755107355,0.5896546840667725,0.1757243493716808,0.3051729494849657,0.6137034296989441
260,1.7142857142857142,0.11111111109876555,7.583235672378979e-13,0.1278825995807128,0.47838765948148204,0.6287196278572083,0.006413957589563302,0.005314817724090388,0.361765593290329
261,5.0,0.6666666666111113,0.6132297419994577,0.8299319727891156,6.311816934620561,0.9034245014190674,0.8145548915967169,1.0086474231557514,0.9424843192100525
262,1.5,0.6363636363057852,0.5706745776446777,0.7128547579298832,6.007689859069204,0.8380955457687378,0.07302494328397123,0.01537069281564336,0.4966970682144165
263,4.875,0.6428571427653064,0.34078064665630997,0.642857142857143,3.215726788502061,0.6431192755699158,0.30523775298436007,0.2924671551495064,0.5489999651908875
264,1.125,0.1180916381655718,1.2592525556468392e-05,0.1732954545454545,0.5783688283909542,0.5822033882141113,0.016447015463726896,0.2688384537555702,0.5117020606994629
265,4.4444444444444455,0.9999999996666668,1.3512001542609246e-08,0.5,3.2585096000905067,0.9646074175834656,0.9999999682904029,1.0050113686012803,0.9574837684631348
266,1.25,0.4999999999642858,3.907380249137377e-05,0.5723860589812332,2.2286005155175954,0.8119962215423584,0.4604118380235345,0.5618354053320868,0.7875044345855713
267,4.625,0.7999999998400004,0.3356891924299591,0.4,4.1529554467007435,0.8997009992599487,0.9975517163323336,0.9780987834141999,0.9304343461990356
268,2.2,0.22992465067467047,2.010948795251975e-05,0.3930412371134021,0.8082024883125299,0.7930579781532288,0.1043053124382482,0.20454982154917464,0.6629122495651245
269,4.777777777777779,0.695986135145402,0.43443712520604766,0.7299145299145299,4.645871417691183,0.8795993328094482,0.6904894096546628,0.5099523589201886,0.7926575541496277
270,1.2222222222222223,0.4545454545041323,3.352113418723811e-05,0.28818897637795277,1.1208285775370457,0.45947471261024475,0.12968842611155315,0.14871159734673056,0.4660505950450897
271,1.3333333333333333,0.5833333332847223,0.2620251006920833,0.6842948717948718,3.308644863012832,0.7977398633956909,0.2799023473730623,0.3590852637831606,0.6388407349586487
272,4.75,0.5731115270399652,3.3424543022082965e-05,0.3577712609970674,2.5211797537651903,0.8554896116256714,0.7907499192957749,0.8117522137209644,0.9305850267410278
273,4.5555555555555545,0.5999999999600001,0.37502289164872094,0.6329442282749675,4.256299594459637,0.8856830596923828,0.996872752916704,0.9961524086239886,0.9580447673797607
274,1.25,0.11153474818937806,2.585690783191201e-13,0.16066725197541704,0.039645726731266,0.461832731962204,0.08034144574153429,0.1423088701145493,0.49109914898872375
275,3.5,0.48110303763984535,0.2054790811658106,0.5947995666305526,1.7831415723327273,0.8544198274612427,0.5088569742502596,0.5642345124523988,0.8555527925491333
276,1.25,0.34590760581003727,2.3746176590479862e-05,0.3804573804573805,1.2462064660649248,0.6104802489280701,0.17647332659858092,0.24953265660117846,0.5941205620765686
277,5.0,0.9999999996666668,0.5623413249630697,0.8333333333333334,5.909680704310578,0.9744731783866882,0.9999999104776597,0.9890327447802214,0.9678716063499451
278,1.6666666666666667,0.16370297828583324,1.1088541192880946e-09,0.24122590212555609,0.00025208209549789414,0.610576868057251,0.15473127667690245,0.23721532964209036,0.6769776940345764
279,4.5,0.4761904761678005,0.18814785745949045,0.5727699530516431,1.8410201500572576,0.7739946842193604,0.8298707241766597,0.8937575708306494,0.9240544438362122
280,4.777777777777779,0.6999999999300001,0.45180100175082294,0.850597609561753,5.387058868360091,0.9464202523231506,0.8399949671845909,0.9149217900693307,0.9279489517211914
281,5.0,0.7514772928605784,0.38185022197908003,0.7334669338677354,5.025758613528598,0.9527952671051025,0.8948392836561619,0.9987555858391347,0.959660530090332
282,2.4,0.692307692254438,0.5760844201098144,0.6768377253814147,5.861587400101177,0.789788007736206,0.014498347798224698,0.014036800285747355,0.4548991918563843
283,2.4,0.4448541126327038,0.25271148628693896,0.4911433172302737,2.8235182582515645,0.6380045413970947,0.029878071094289096,0.1918921973903784,0.4592130482196808
284,5.0,0.6065306594093685,0.6065306592451,0.7721518987341772,6.8770653333783285,0.9234869480133057,0.8464817491958381,0.9997206870728454,0.9592925906181335
285,4.777777777777779,0.9999999996666668,0.5623413249630697,0.8333333333333334,5.909680704310578,0.975480854511261,1.0000001105182283,0.9898387886259216,0.9653671979904175
286,1.625,0.14999999999250005,2.253741272145215e-09,0.14805825242718446,0.08561168371122291,0.3966923952102661,0.004870401244065827,0.0007628312671819172,0.3441914916038513
287,5.0,0.21487859753770341,5.387154122130005e-09,0.28773584905660377,1.8290077192060856,0.8145391941070557,0.36365142336612627,0.9307654429653842,0.9588379263877869
288,2.7142857142857144,0.24999999997916675,3.986357127883976e-09,0.2364341085271318,0.7993972449424986,0.6090816855430603,0.02372098581403287,0.00129262600861848,0.46094146370887756
289,1.0,0.2567085594307266,8.723184009457538e-13,0.3588235294117647,0.6320259601426661,0.595890462398529,0.2822271641030628,0.4440962650189933,0.6330828666687012
290,1.0,0.3977063629402297,0.2670867977788833,0.41709401709401706,2.5899827769101487,0.7021611928939819,0.0867011515513616,0.18651917213669006,0.6997348666191101
291,1.25,0.14715177643914668,3.472265151957282e-13,0.12577319587628866,0.1946758463310973,0.6160781979560852,0.10162984159010116,0.15119277783540522,0.6490351557731628
292,2.8,0.0930627224911419,3.499209643108308e-13,0.11401869158878504,0.24118888364133395,0.43381261825561523,0.04734329412647305,0.025945379729000604,0.37004879117012024
293,1.2857142857142858,0.11111111110493832,4.0623218788768687e-13,0.14420803782505912,0.16486306865644315,0.48447608947753906,0.06351918288006432,0.10398827680031625,0.43628087639808655
294,4.4444444444444455,0.7238699342839938,0.35543339440941357,0.47213622291021673,4.417078683938186,0.9016473889350891,0.4736249014870861,0.441307779168826,0.8406810760498047
295,3.1666666666666665,0.3157894736675901,1.895162956650335e-05,0.3234358430540827,0.841378698290365,0.5911391973495483,0.26076238161549337,0.23014860390343914,0.6094807982444763
296,1.125,0.28571428569387763,6.387834681787387e-13,0.18100890207715134,0.7205533267963848,0.5753786563873291,0.18838314333344652,0.15327690055938165,0.5793574452400208
297,1.4285714285714286,0.2281853861859998,2.0706056528981096e-05,0.23921568627450981,0.8490048630313363,0.724764347076416,0.3472433319705245,0.19100610609603974,0.6498298645019531
298,4.5,0.6176470588053634,0.4401365016193934,0.5909580193756728,2.4957264296105675,0.7271128296852112,0.5873115582784326,0.5467921538544771,0.6980708241462708
299,4.333333333333333,0.894839316615517,0.5816986430534229,0.6256410256410255,6.248995381630028,0.8752801418304443,0.8337529635355908,0.7476526778215543,0.7771655321121216
300,1.625,0.818181818033058,0.6989307621403409,0.8181818181818181,7.013548703083313,0.9122194647789001,0.3699087127290389,0.3974755909612848,0.6629571318626404
301,1.625,0.17647058823010386,1.5237428484669e-09,0.19032761310452417,0.0005111640851989525,0.4897514283657074,0.08044264308659586,0.2682392873272258,0.5103441476821899
302,2.2222222222222223,0.16666666665555557,1.6604746090559272e-09,0.1333333333333333,0.33688451790617796,0.4834326505661011,0.5892142273984471,0.5548163258968989,0.7402942180633545
303,2.6,0.4999999999375001,0.1956475149534272,0.5,1.670487516867139,0.5560939311981201,0.3741600552191609,0.3833877456709425,0.634463369846344
304,4.625,0.2068965517170036,0.1585266710486194,0.3746161719549641,0.004309250829073124,0.7072350382804871,0.7342655243170382,0.6451114935653163,0.9324434399604797
305,2.6666666666666665,0.12130613191826554,2.7070895585505853e-09,0.15443037974683543,0.5617883188584913,0.501443088054657,0.00611854006871716,0.1161080820611241,0.3918520212173462
306,3.2,0.32450032622566877,0.17458325362219937,0.363095238095238,1.6815145223455077,0.506344199180603,0.19691482193428256,0.20927944187706815,0.4953435957431793
307,3.8,0.4965853036920927,0.4965853036822891,0.7076566125290022,3.666023559864196,0.8357111215591431,0.3678794315504352,0.8619990399131079,0.93760085105896
308,3.5,0.34999999998250003,2.061477352044535e-05,0.34014869888475835,1.0288934861623897,0.6642881035804749,0.3211268950249094,0.3129454854439696,0.7034093737602234
309,1.7777777777777777,0.15384615384023673,3.2493903713058936e-13,0.14926590538336054,0.06276847211561712,0.49157190322875977,0.15963337445240372,0.14512418564417875,0.5333935618400574
310,5.0,0.8888888886913584,0.596949179054208,0.4444444444444444,6.6882321363047,0.9518922567367554,0.9994238705379476,0.6629222860827046,0.9548895359039307
311,4.888888888888889,0.6249999999218752,8.783602618320611e-09,0.5865384615384615,2.755007116901787,0.8770274519920349,0.9980313621467787,0.9978419903695321,0.9555216431617737
312,4.666666666666667,0.2861284541808712,0.2670729434068028,0.4891179839633449,1.561455879114353,0.7998611330986023,0.6355898132930519,0.8372642821845836,0.9319602251052856
313,1.3333333333333333,0.2592592592496571,0.211323468803072,0.3986928104575163,0.08450204627147699,0.531283438205719,0.12649646434167205,0.12934380365481932,0.4884745180606842
314,4.875,0.9999999997142859,0.5081327479855399,0.7142857142857143,5.6348174869750505,0.9713184833526611,1.000000009562285,0.9932690159454189,0.9631091356277466
315,3.8333333333333335,0.5879776804112608,0.4868618879283394,0.7064273306311523,1.9477384147095504,0.9125970005989075,0.731202315833754,0.5226909647637485,0.9638147354125977
316,4.875,0.7054014371737114,0.4548019045189752,0.7587064676616916,5.252526012990904,0.909385621547699,0.7783431643196576,0.8543228124466212,0.8598436117172241
317,2.6,0.2647058823451558,0.13062013259021193,0.38065522620904835,0.002955480599132984,0.6760801076889038,0.2701449882036401,0.347273155970811,0.7318753004074097
318,1.375,0.6666666666111113,0.6132297419994577,0.7820512820512819,6.1940441088279155,0.8575561046600342,0.20374471179925865,0.28986486405092066,0.6847736835479736
319,2.8,0.1732209734356662,1.8014609120367075e-09,0.22409992652461425,0.2634273105614574,0.5391653180122375,0.1724756737871761,0.27141690761735915,0.5960442423820496
320,1.2857142857142858,0.5714285712653063,0.4111336167637202,0.5714285714285714,4.0082458462965365,0.5537480115890503,0.001169143100707753,0.0013248476213631114,0.26970165967941284
321,1.75,0.2608695652060492,1.5415064976791838e-05,0.24225575853852263,0.8447936856735229,0.5462905168533325,0.2228220385027861,0.18560226887842166,0.510564923286438
322,3.5,0.4999999999375001,4.671379776540978e-05,0.43990384615384615,2.804096060413829,0.8007821440696716,0.5592450397625518,0.5702459464801011,0.810567319393158
323,5.0,0.5833333332847223,3.294791210262628e-05,0.4149659863945578,2.268188533938027,0.831660807132721,0.5140834846427796,0.6696219640562264,0.7428649663925171
324,2.5,0.20579346792512201,7.935717592978975e-06,0.18232280102476514,0.0024398428802984633,0.6269868612289429,0.2102230369624344,0.31766439512969813,0.70256108045578
325,1.3333333333333333,0.12591706847442996,8.070409085385518e-07,0.3360881542699724,1.0324424581115277,0.46836861968040466,0.012174662871651191,0.001980876591803945,0.35868972539901733
326,1.25,0.20786516812279943,2.242217065713243e-09,0.26891991182953706,0.2516086896544626,0.5073870420455933,0.169217712901125,0.2341553537435113,0.5832664370536804
327,1.75,7.023973915871412e-18,9.675168009119746e-18,0.0,0.0,0.5181487202644348,0.008610228779101522,0.08471354138611534,0.4954688251018524
328,1.0,0.8181818181074382,0.4296943523361429,0.768503937007874,4.798745937814204,0.8871591687202454,0.7153923093944048,0.7700462254638916,0.8503851890563965
329,3.6,0.4412484511819858,4.122478183078424e-05,0.465648854961832,2.2021886092295446,0.6805003881454468,0.5543002722605229,0.27841514609551693,0.6430612206459045
330,1.375,0.20072303566953104,3.2586153872214554e-13,0.18263473053892215,0.1283059743724948,0.5711556673049927,0.26826245013531524,0.20649711354354844,0.6103978753089905
331,3.625,0.7139007176964713,0.33277145511783407,0.43571428571428567,4.302774952582324,0.8602733016014099,0.7934775138167213,0.7195263654254576,0.8185584545135498
332,3.6,0.7272727272066117,5.637560314657453e-09,0.5763779527559055,1.7241642998271012,0.6423143148422241,0.05286122366972041,0.30102334617181675,0.4180232584476471
333,2.8,0.2444444444390124,0.06554510293192194,0.20362422508345254,0.010343639525468393,0.4965660572052002,0.16469119012076774,0.13609884260377067,0.5362614393234253
334,4.888888888888889,0.6872892786191501,0.47522037734443034,0.818791946308725,5.710206256074127,0.9070082902908325,0.6922229598443013,0.9285153735795301,0.9280012845993042
335,5.0,0.6821614783011186,0.2574478062845996,0.6567967698519516,3.5217209465355204,0.860153317451477,0.8820331070119802,0.9989476183572987,0.9562812447547913
336,1.7777777777777777,0.3270039476352814,0.317605044524089,0.5589919816723941,2.1040543052873018,0.7939775586128235,0.07996240253791966,0.4401976391623443,0.4997618794441223
337,2.6,0.13387809606228235,2.330711159227549e-13,0.21217391304347827,0.06137091256155823,0.7524294853210449,0.1998440953422182,0.29533343926585803,0.8288505673408508
338,1.375,0.19999999999500007,9.2417138182202e-06,0.1636266094420601,0.018597082556623224,0.44945961236953735,0.27476372351545997,0.14559359278008843,0.608862578868866
339,2.6666666666666665,0.13314843345260222,2.1010719868761276e-09,0.24254473161033796,0.17353343655060477,0.6639156341552734,0.14649372888673468,0.18094028591681693,0.6632843017578125
340,4.666666666666667,0.603288041311418,0.5245537837669313,0.7281167108753316,4.939581440519564,0.8385791182518005,0.5405629020310123,0.5570489958228059,0.7583591341972351
341,4.888888888888889,0.9999999997500004,0.4671379775957057,0.75,5.472647406700065,0.9698938727378845,0.991051260466145,0.9930403628651456,0.9665966033935547
342,2.6,0.21974687669685689,2.823936023186984e-09,0.26754385964912275,0.5214780637563866,0.5054321885108948,0.1958977061753584,0.19230184165113118,0.5497267246246338
343,3.6,0.24874842687959775,2.3677073087410395e-09,0.24094799210006582,0.3067219347632867,0.6704387068748474,0.5032529566044874,0.7668673585685926,0.8220599293708801
344,1.4444444444444444,0.3715190997867868,4.481526017805022e-05,0.3952483801295896,2.5177231742913126,0.7442384958267212,0.007637616673492639,0.006303013887006549,0.5337978601455688
345,2.8,0.22533772472171462,1.546918689806822e-05,0.31069609507640067,0.5187702184124561,0.5435830950737,0.18198726912060223,0.2752650656262923,0.6128208637237549
346,3.4,0.000111820875892957,2.1434153266095651e-13,0.05826170009551099,0.00014558577246177214,0.39525914192199707,4.8541079335731664e-05,0.021385022104389778,0.3184482455253601
347,1.5,0.6999999999300001,0.6389431041697642,0.7439024390243903,6.616111900343201,0.7630659341812134,0.10023733209684157,0.008236932231284006,0.3949180841445923
348,1.3333333333333333,0.2361832763114617,2.206603561312929e-05,0.346590909090909,0.9278748628487672,0.5738620162010193,0.21421914715044846,0.2820979224669069,0.5772492289543152
349,2.2,0.04035303289669917,2.511455611626513e-13,0.04967426710097719,0.04580009241083934,0.38571956753730774,0.07994613260065392,0.050138650441576074,0.4633389413356781
350,1.5,0.46153846146745575,0.21401603030227834,0.4615384615384617,2.6829160925313165,0.6299973726272583,0.23525591600665846,0.23361456737840675,0.5717520713806152
351,4.5555555555555545,0.7667036787299856,0.6168186455751932,0.7942708333333333,6.41409941403886,0.9198499917984009,0.7092762473241723,0.7147548144159471,0.8060707449913025
352,5.0,0.9999999996666668,0.5623413249630697,0.8333333333333334,5.978007596662513,0.9743134379386902,1.0000000409221632,1.0025956753734941,0.9656487703323364
353,1.2222222222222223,0.5833333332847223,0.3448444257621109,0.6842948717948718,3.860199799942738,0.8111504912376404,0.3379845369253027,0.29299940489127013,0.6518939733505249
354,1.75,0.4043537730069712,4.164373080478205e-05,0.5147679324894514,1.5138198609283746,0.6915544271469116,0.013444307088734554,0.018773645513535064,0.26514479517936707
355,1.6,0.6640732480845413,0.2737678097640148,0.34512022630834516,2.8841811514352433,0.7431724667549133,0.268319794757818,0.29749867381855044,0.6717777252197266
356,1.0,0.23076923075147937,6.466227686450042e-13,0.2985318107667211,0.27004372993690484,0.5207392573356628,0.2680007183481281,0.22120351712765943,0.5809205174446106
357,5.0,0.772184789568475,9.331268646035947e-09,0.5820610687022901,3.3460398801502382,0.9306372404098511,0.7614112202595095,0.8927091582367781,0.939030647277832
358,1.8,0.10270758701713036,1.8526347402008896e-09,0.23252858958068615,0.02892087241658526,0.46490195393562317,0.1611520624845944,0.21374133662976208,0.5511546730995178
359,3.571428571428572,0.7777777776049386,0.48549177158715484,0.7777777777777778,5.2417595794235385,0.8299660682678223,0.1649003111167117,0.6478087622861883,0.6240995526313782
360,2.8,0.10481293664770305,0.06587516859801085,0.18812644564379336,0.09073337650399534,0.49134448170661926,0.03231372931262085,0.09909459535168959,0.49806904792785645
361,5.0,0.6549846023313889,0.4301463831314576,0.7155425219941348,5.031409537943649,0.9325069189071655,0.9151100102362506,0.9650671928652624,0.9642908573150635
362,5.0,0.4074074073923183,0.16444307470255326,0.5510388437217706,0.152393195007945,0.836729884147644,0.8405010842596079,0.9424636284389741,0.9681020975112915
363,1.125,0.29411764704152255,3.058760346259648e-09,0.21353558926487748,0.5435644587139966,0.5118354558944702,0.25578304495914783,0.23579785706361692,0.5466351509094238
364,1.3333333333333333,0.711766580212326,0.42500836582425033,0.7858293075684382,4.78005594761617,0.8658069372177124,0.3075149386410694,0.329687144459628,0.6215428113937378
365,4.222222222222221,0.18187407669271086,1.6870349103353953e-09,0.1423017107309487,0.12496401842838449,0.6633764505386353,0.284909449622122,0.6686544011372308,0.8362777233123779
366,1.2222222222222223,0.36363636360330587,0.23462350318023287,0.433392539964476,2.782486634882443,0.793607234954834,0.00308370124660602,0.005080718098510698,0.5905460715293884
367,4.888888888888889,0.6666666665925927,4.939382736441597e-05,0.7672955974842767,2.9527725400859213,0.6789904832839966,0.5035182779674954,0.6716591863922581,0.7961187362670898
368,1.5,0.5999999999600001,0.338871436293342,0.7120622568093385,3.4714035870825484,0.809281587600708,0.2184719354777429,0.30426739176106177,0.736081063747406
369,5.0,0.636363636247934,0.2899784414142025,0.45454545454545453,3.4553585229128854,0.756478488445282,0.9954902947392734,0.9719213440701958,0.9582719206809998
370,5.0,0.5454545454049587,0.2790159393287965,0.6110183639398998,3.3906188090403093,0.7271823287010193,0.969303083388979,0.9882171754538496,0.9550198912620544
371,1.7777777777777777,0.20541517403426068,0.15420558844548507,0.38754764930114366,1.0114202452764491,0.5392548441886902,0.001220067351457661,0.0934944396323638,0.36935368180274963
372,2.8,0.16666666665972227,1.990076331198146e-09,0.2074829931972789,0.19153376227115645,0.4618896245956421,0.14562758870451153,0.12263330565227473,0.5019466280937195
373,3.8,0.22222222220987659,4.830942081791594e-13,0.11487758945386065,0.4330480051337744,0.5070657730102539,0.1690285430686009,0.025889246890242218,0.5590834617614746
374,5.0,0.5429024507129954,6.320598869185035e-09,0.56656346749226,2.061120773820117,0.7813629508018494,0.7267020793096582,0.797935701741587,0.852906346321106
375,1.0,0.38940039143835253,0.2692476177268375,0.43571428571428567,2.868618028346837,0.505303144454956,0.0041611039116852605,0.0028186993748179168,0.33978286385536194
376,3.0,0.36842105261218844,2.7854685172050662e-05,0.4206896551724138,1.428143226201827,0.6360810399055481,0.15498133926442417,0.19210834981791522,0.4928549826145172
377,3.8333333333333335,0.5305700386786478,0.3181877033067424,0.4925975773889637,3.261497894057989,0.6493369936943054,0.6264112179976823,0.8504969891291373,0.8959328532218933
378,5.0,0.7499999999250001,0.3014335251193963,0.55,3.6139170471576865,0.8979407548904419,0.8283025861901915,0.5194083813008139,0.9141309857368469
379,3.4,0.6363636363057852,0.4035278637033205,0.7584369449378331,4.306912959276042,0.8010874390602112,0.22456643792141856,0.09811156035937285,0.4864940345287323
380,1.8,0.18187407666672895,5.833887889251737e-13,0.1897356143079316,0.6412730872882645,0.6735935807228088,0.4072164333734191,0.5159556408092761,0.8126682639122009
381,5.0,0.7851885101132563,0.6945911171323987,0.7973856209150326,7.1807737849627395,0.8846739530563354,0.9621820575868079,1.0024006894271937,0.977870523929596
382,3.571428571428572,0.5238095237845806,0.3217816920764413,0.5540417801998183,2.367140875592723,0.7138465642929077,0.9005623569970393,0.8974460513369356,0.8911318182945251
383,5.0,0.5999999998800002,0.41113361681017657,0.6,3.486858583874792,0.8233605623245239,0.8662384219876037,0.997740716117512,0.9624329209327698
384,3.4,0.35294117644982703,2.140909265836957e-05,0.34154535274356107,1.4165648411933631,0.6539300680160522,0.2752499756328554,0.19064081238438088,0.7070428133010864
385,1.125,0.46153846150295863,0.380580300134083,0.6343154246100521,2.9529786048566082,0.6064713597297668,0.006956527764137982,0.004149793556272964,0.43975183367729187
386,1.4285714285714286,0.6666666666222223,0.6262844962298337,0.7558859975216852,5.877540433487015,0.748630166053772,0.023708415342599452,0.006792191160927158,0.40566104650497437
387,5.0,0.9999999996666668,0.5623413249630697,0.8333333333333334,5.909680704310578,0.9761391282081604,0.9999998965175748,0.9908640809485864,0.9618525505065918
388,5.0,0.999999999818182,0.528097221542688,0.7272727272727273,5.851605201852661,0.9514296054840088,1.0000001709769684,0.9788250822825312,0.947983980178833
389,4.666666666666667,0.4166666666319445,0.31702331382180166,0.5187074829931972,3.335346545288651,0.6683152914047241,0.14315565294022897,0.12979910812576,0.45665550231933594
390,4.2,0.5909090908822315,0.26237620038074805,0.6944971537001898,1.7860445635432631,0.826729953289032,0.5629618918202904,0.559495519390904,0.8387657403945923
391,1.875,0.3455609521250445,0.1535301262706207,0.31846226862838156,1.4289762891964441,0.5119343400001526,0.29310246636007553,0.2328067158023866,0.5564607977867126
392,1.25,0.7777777776913581,0.7259795290164472,0.8323586744639376,7.587125811883906,0.7682214975357056,0.058211845585570396,0.012675424085039933,0.31486913561820984
393,1.25,0.4524187089274962,0.3554333944094135,0.47213622291021673,3.8627720527608638,0.6470062732696533,0.041205264440250175,0.037261368007324026,0.45957666635513306
394,1.4285714285714286,0.22727272726239672,1.5448759308860893e-05,0.2681318681318681,0.2015683312396693,0.6240877509117126,0.18421522737067852,0.26476923806327207,0.5829848647117615
395,1.0,0.20588235293512117,1.5836105185157608e-09,0.20783645655877342,9.544649257483188e-05,0.5439255237579346,0.1648315258816435,0.011983667631982059,0.5349256992340088
396,4.777777777777779,0.5841005871575288,0.2979714704606748,0.43571428571428567,3.9945337020524723,0.8491751551628113,0.9183690677854105,0.9893764518662614,0.9369032382965088
397,1.125,0.6333861924984946,0.4861555411983167,0.6609907120743034,4.612134721095874,0.8081805109977722,0.011016360887086107,0.01017397465512682,0.561739981174469
398,1.75,0.12033631845811635,1.9465571968121426e-09,0.12261306532663319,0.21656615621316316,0.553166925907135,0.17653354046601963,0.4890533846739509,0.7624692916870117
399,4.4444444444444455,0.8461538460887575,0.681245536360254,0.725231175693527,6.949524029009455,0.8791618943214417,0.3392226148629825,0.40160929367231485,0.6390293836593628
400,1.625,0.041042499291428204,1.394660443927143e-09,0.20198675496688742,0.3879027624287626,0.6589784026145935,0.07972500688957739,0.2538590859085419,0.5244408249855042
401,3.0,0.35294117644982703,0.15844501336241348,0.40985442329227323,1.5770394363044065,0.6082082390785217,0.38744573351973066,0.18890375782153793,0.5972449779510498
402,1.25,0.4953587997157158,0.3564026462168299,0.5269978401727862,3.8963164880934578,0.7906609177589417,0.006003249745005028,0.005335873164804216,0.468472421169281
403,1.5714285714285714,0.18181818180165293,2.184784493543559e-09,0.18181818181818182,0.7439385037285775,0.5369815230369568,0.1564899116858332,0.16886963077080508,0.5890063047409058
404,3.8,0.5654934465219893,0.4890197812467031,0.6510138740661686,4.59186624318321,0.7816954255104065,0.7903626882818342,0.8347623977569917,0.9303240776062012
405,3.6,0.5841005871575288,0.529876530699239,0.6535714285714286,5.314626109691495,0.6921266913414001,0.005001748321277817,0.019883840523615297,0.3682797849178314
406,1.5,0.25773347948218134,4.46778805234787e-09,0.3070469798657718,1.1576567746433033,0.6228250861167908,0.009438515298699372,0.01382791040328656,0.3748016357421875
407,3.6,0.8857142856889797,0.6061971661774459,0.7096461463887542,6.02094997445933,0.8765361905097961,0.9210413356928916,1.0269749129763726,0.9312200546264648
408,2.8,0.08556951981024227,6.628186502891177e-13,0.11960784313725491,0.3462892768493905,0.4527127742767334,0.00015155494187391743,0.0012086087366939766,0.34999796748161316
409,1.875,0.7999999998400004,0.5555238066802866,0.6,5.784785374918852,0.8407757878303528,0.47855828309373327,0.4382257694604843,0.7196396589279175
410,4.625,0.4166666666319445,0.31702331382180166,0.46212121212121204,3.1522254264983585,0.685724139213562,0.552239959680486,0.43891388383057095,0.7774394750595093
411,5.0,0.711766580212326,0.6010525950706805,0.7858293075684382,6.375478360323622,0.9472705721855164,0.8081580197659842,0.8622063556609534,0.9779880046844482
412,1.0,0.4971329536752872,0.3993879175389316,0.6587473002159828,3.8895364983407403,0.7552926540374756,0.00477039184754773,0.0056678335434343,0.5315972566604614
413,5.0,0.7692307691715977,0.7361703353857573,0.9090909090909091,7.421280239365147,0.8271034955978394,0.2960082747893157,0.25447727356677036,0.5504400730133057
414,1.25,0.3422780792409688,5.271202710558196e-09,0.47843137254901963,1.0191676925951805,0.6043735146522522,0.01357241054033427,0.015708107390538396,0.5975247025489807
415,3.0,0.4540461689250798,0.41267493859881893,0.463173880030372,3.689355374433835,0.6800749897956848,0.22135015166157362,0.10924132789896134,0.5185721516609192
416,4.666666666666667,0.7777777776049386,0.6104735834296803,0.7777777777777778,5.343567669821284,0.9274204969406128,0.7451614831526788,0.5508878173807569,0.8682472705841064
417,2.8,0.2010960137704727,3.3109672630032608e-09,0.24270557029177717,0.5406774215869168,0.5345582365989685,0.21389481394371698,0.39687116845104464,0.5990345478057861
418,3.6,0.2786510651921791,1.6569401791638094e-05,0.2785388127853881,0.5433876214281211,0.4951675832271576,0.24716171933187137,0.1703268075738622,0.5482414960861206
419,3.2857142857142856,0.3779009101934925,0.15752236725155186,0.3693239152371343,0.42597806360877594,0.632999837398529,0.38949235806129956,0.38485862753813765,0.6974472403526306
420,3.1666666666666665,0.16232061115233548,0.11664492608494166,0.4385334291876348,0.016197956286303307,0.7255156636238098,0.16767725842982215,0.07746440646830574,0.6489884257316589
421,3.0,0.5333333332977779,0.2925612730513291,0.4979591836734694,2.755023258902687,0.6625858545303345,0.006267236454634009,0.16157122470505875,0.448746919631958
422,4.888888888888889,0.49393047238583776,3.374028919982665e-05,0.5169491525423728,1.8355112429270992,0.8266609907150269,0.4205571541980354,0.6117145068337275,0.7151057124137878
423,1.0,0.518572754373488,5.378188628924979e-09,0.5947075208913649,1.6717180233586135,0.6875059604644775,0.5234312700128951,0.6471790893396924,0.7707598209381104
424,1.75,0.2105263157783934,4.553719183884792e-13,0.1741198858230257,0.6292146098506415,0.547362744808197,0.31992313009580414,0.2667973222680162,0.5263234972953796
425,5.0,0.8187307527504899,1.1697371768321477e-08,0.5366568914956013,2.902279630662829,0.9746028780937195,0.9048375041240969,0.8658662654000224,0.9945796132087708
426,3.333333333333333,0.2068965517170036,3.2030559675850623e-13,0.20452640402347022,0.01449291868481177,0.4663810729980469,0.1681684141470621,0.1309377969950176,0.5665956735610962
427,1.5,0.6363636363057852,0.47987820661783703,0.7584369449378331,5.196083950312617,0.8800103068351746,0.2530843059493605,0.337249334653579,0.6821529269218445
428,5.0,0.6363636363057852,7.175852914006076e-09,0.6500888099467139,1.985197752454164,0.9107586145401001,0.641955090275915,0.6920773246807151,0.8877914547920227
429,4.875,0.9999999996666668,0.5623413249630697,0.8333333333333334,5.978007596662513,0.975384533405304,1.0000000443187245,1.0028701538538414,0.9665155410766602
430,3.5,0.19999999999000004,4.30664170792929e-13,0.23223350253807104,0.085447559551503,0.5472612380981445,0.26072115143548047,0.35973780127785226,0.5792327523231506
431,1.375,0.06690773369728656,4.150372594305711e-06,0.17039106145251398,3.894139404424659e-05,0.44237855076789856,0.09090210049777989,0.25844839382542617,0.6049587726593018
432,3.2,0.6063657584898833,0.49195330176689345,0.5746971736204576,5.3838713721679685,0.6642563343048096,0.002359806243893686,0.0019145581989665652,0.3493383824825287
433,4.888888888888889,0.4999999999500001,3.753119268302293e-05,0.5865384615384615,2.169936880836296,0.7707677483558655,0.4023375787241979,0.400952496880234,0.6804236769676208
434,1.0,0.2857142857006803,1.8814785745949045e-05,0.37515375153751535,0.14107265868959362,0.6801033616065979,0.1705327251953893,0.2828521911853586,0.6830729842185974
435,2.2,0.33333333331944454,2.366612932459347e-09,0.19551282051282048,0.388693769828789,0.5543197989463806,0.28331632024658343,0.23405672114509196,0.6402788758277893
436,4.0,0.3749999999531251,3.4234749554175345e-09,0.3125,0.8376139055611886,0.6198537349700928,0.3416037070516889,0.39935936194584887,0.7121111750602722
437,1.75,0.18749999998828132,5.119289102444937e-13,0.21995192307692307,0.6360533646543619,0.5626674890518188,0.1855902643846947,0.2378093047719935,0.5967401266098022
438,3.2,0.46153846150295863,0.30266437264201507,0.507628294036061,3.1468813831229934,0.7109030485153198,0.9901083498968294,1.0186829664398267,0.9794924855232239
439,2.8,0.2857142856734695,1.2421889948936653e-12,0.19122257053291536,0.9926315108196738,0.6825281381607056,0.013164206154144738,0.0065415601331106745,0.36763450503349304
440,4.777777777777779,0.7499999999062501,0.4111336168353014,0.8097345132743362,4.649686242816782,0.8436196446418762,0.997082093882295,0.9978215612971174,0.9734601974487305
441,1.4285714285714286,0.21368332580766022,5.987475162831515e-13,0.1471652593486128,0.28217505661660613,0.4749634265899658,0.20698524022391404,0.07466283602675668,0.4577387273311615
442,3.2,0.03982965467835933,4.498769470763115e-06,0.28875739644970416,0.06923974849808266,0.6692222356796265,0.16892172390866778,0.9956497490294216,0.9675626158714294
443,1.1428571428571428,0.33453839274073455,0.276715788814598,0.45658682634730546,2.5986934249668887,0.5839357972145081,0.0021678768834810375,0.0068685131239331594,0.30255183577537537
444,1.75,0.4274968157152433,0.14685116981419313,0.4062153163152054,0.756531786831248,0.4632903039455414,0.2648435815451317,0.26964673616903384,0.5695230960845947
445,1.125,0.4999999999166668,9.554427919774495e-09,0.3696969696969697,1.7858841690054246,0.6101886630058289,0.0021182435887378338,0.004451670120451289,0.28709346055984497
446,2.1666666666666665,0.16666666665277785,3.6020802878603475e-09,0.25416666666666665,0.49689750641990094,0.4492960572242737,0.009960264268679382,0.0035423848591319327,0.3566085994243622
447,5.0,0.491238451650294,1.0294994182935423e-08,0.5366568914956013,2.061018067084896,0.8734595775604248,0.8615697962888317,0.9711291044086459,0.9684070348739624
448,4.0,0.2857142857006803,3.0232667129300413e-09,0.3824451410658307,0.44453983812241427,0.6308247447013855,0.23222532592094725,0.3212699913158869,0.6416986584663391
449,5.0,0.4390493086996017,7.415543672639246e-09,0.44309927360774815,2.399900922352826,0.8984863758087158,0.6505843210561358,0.9261478476571465,0.9574973583221436
450,4.333333333333333,0.7391304347504726,0.6200657884783297,0.779113448534936,6.143146844433619,0.9401924014091492,0.9752949251387639,1.063886387733237,0.9669771194458008
451,4.888888888888889,0.6065306595104567,5.100294572876874e-05,0.7721518987341772,3.6779814687635644,0.9690127372741699,0.8071177558406691,0.981164921834847,0.995810329914093
452,3.6666666666666665,0.1997226501789033,1.9552678003102276e-09,0.30318091451292245,0.2128959552034193,0.568946123123169,0.2767099064577399,0.8683110203133118,0.8585394024848938
453,2.6,0.7054014371737114,6.800874736195394e-05,0.7587064676616916,3.1330632462767354,0.7602071762084961,0.2955669024792985,0.25889516639370147,0.422922819852829
454,2.2,0.13323312168866727,0.1214823364351677,0.400262467191601,0.8376358834514502,0.6622350811958313,0.00952213432014383,0.019400988875528585,0.4488305151462555
455,5.0,0.5624999999648439,0.3965384287638071,0.5897790055248618,2.6888830457913575,0.7617496252059937,0.9461994114227595,0.9359510236935162,0.9048992395401001
456,4.625,0.8433740466029842,0.6761304461779667,0.6354166666666667,7.072619192544317,0.8784130811691284,0.9339908330578152,0.9704192943028596,0.9200848937034607
457,5.0,0.7909397387703199,0.6439024605099136,0.8054204308547601,6.610932001754019,0.8972211480140686,0.8766778346291509,0.9788711528209889,0.9248173236846924
458,5.0,0.24525296061745977,2.7952792719833476e-10,0.20962199312714777,1.299860036921168,0.8943890333175659,0.8740904482703621,1.0018801753343092,0.9280740022659302
459,3.333333333333333,0.29999999998500004,3.1872714731477548e-09,0.3272532188841202,0.5124064746418882,0.6451860666275024,0.32939106480112873,0.38242752944080166,0.6630201935768127
460,3.7142857142857135,0.46502928806420124,0.3042669399433209,0.6199186991869917,2.1194763182761296,0.7778123617172241,0.45972832951533155,0.2919514883153998,0.7255011200904846
461,5.0,0.8571428568979593,6.147881527467012e-05,0.42857142857142855,3.5315654426079623,0.9526960849761963,0.9999999183767628,0.955695325350859,0.9497667551040649
462,2.4,0.17113903966485378,8.169381842888035e-06,0.1860566448801743,0.008075786712776733,0.4967171549797058,0.14527343476473192,0.3360859272658048,0.6098508238792419
463,5.0,0.7499999999062501,5.7212484236409495e-05,0.8097345132743362,3.208405805339565,0.8398301601409912,0.9914427866932389,0.9936677365222785,0.9654130339622498
464,2.4,0.19444444443904324,1.7739491161500995e-09,0.1882716049382716,0.016191872276578985,0.4626889228820801,0.29225149314418253,0.17933031725277462,0.5655150413513184
465,5.0,0.6514390573449302,0.35000841170270847,0.6841121495327103,4.763162332672912,0.9523257613182068,0.7165313251228017,0.9893156996198829,0.9671096801757812
466,4.666666666666667,0.7333333332844446,4.480304273546096e-05,0.48577929465301484,3.1402273393184963,0.7961574792861938,0.5159143507130544,0.5915354883326845,0.7981659173965454
467,1.2857142857142858,0.02378266222357408,0.018127124269862457,0.2246777163904236,0.007638688668246397,0.47184860706329346,0.03332999421118211,0.10803653428500953,0.3798055052757263
468,2.8,0.6666666665555557,6.865890478059747e-05,0.6224489795918368,3.8863872766554715,0.9010012149810791,0.467354487385603,0.6873390490820714,0.8294787406921387
469,4.4444444444444455,0.3593619902141449,0.15236880379701878,0.42465192465192464,0.05372964975123424,0.7099932432174683,0.32231544175988747,0.3813459313558563,0.7359583973884583
470,1.8,0.19047619046712022,4.085038450534026e-13,0.22161671207992734,0.3414500965675955,0.4858746826648712,0.17895133625666076,0.18675124232005746,0.4866025149822235
471,1.2857142857142858,0.5714285712653063,5.555238066175146e-05,0.5714285714285714,2.67182781938272,0.6815877556800842,0.007097119786571749,0.025911821736950672,0.4808585047721863
472,4.0,0.5366925751109899,3.3547449408137626e-05,0.31770833333333337,2.51595537053958,0.7690696716308594,0.5820861704219359,0.7433588918216236,0.8620811104774475
473,4.714285714285714,0.9999999996666668,8.408964149138525e-05,0.5,4.4513473709772455,0.9483475089073181,0.9999999863576975,1.0056316021729408,0.9473597407341003
474,4.0,0.41666666665509267,0.17578936267317416,0.5391414141414141,0.04759862591197088,0.698505699634552,0.31370049282609735,0.35439883938196964,0.7218890190124512
475,4.857142857142857,0.6013781187917564,4.0866465008574674e-05,0.6140939597315436,2.6180525049993846,0.8525427579879761,0.5083381913316696,0.8235875961332492,0.8807480931282043
476,3.75,0.41960713664321503,3.009644125715737e-05,0.5024711696869852,1.838241697881438,0.7801806330680847,0.22301758229902427,0.1975957959643717,0.6280087828636169
477,4.888888888888889,0.4683537498370283,0.3009996209512757,0.5479041916167664,3.291561489379247,0.9020465612411499,0.6990982749552307,0.9915996033098894,0.9511865377426147
478,4.75,0.6666666665555557,6.865890478059747e-05,0.7393939393939394,3.5893813288608163,0.9218984246253967,0.9367203966890544,0.9684834226269116,0.9671411514282227
479,4.75,0.6999999999300001,8.034284188484477e-09,0.5313588850174217,2.838153179079292,0.878677248954773,0.8384010221697747,0.840981392495511,0.8713912963867188
480,1.125,0.7499999998125003,7.311104455016595e-05,0.75,3.870385973821076,0.8586635589599609,0.1221044369534482,0.135715090373934,0.8399623036384583
481,1.4285714285714286,0.2857142857006803,0.13520459768447834,0.332425068119891,1.2937081508262471,0.49412909150123596,0.16916904789041667,0.177283994650883,0.4855925738811493
482,4.875,0.6703200457675116,6.404524561212824e-05,0.48541114058355433,3.80270317025978,0.9307095408439636,0.7514772622640397,0.9782647127636486,0.9334808588027954
483,4.666666666666667,0.6666666664444446,6.865890476915431e-05,0.6666666666666666,3.8971209615353235,0.772429883480072,0.23366194856140163,0.3415306835127277,0.6463613510131836
484,1.4285714285714286,0.4232408623042269,8.087648624525816e-09,0.3034825870646766,1.7686465632268964,0.5480117797851562,0.0006035814935071952,0.0007910060926255223,0.27746856212615967
485,2.2,0.6666666665555557,0.5081327480339335,0.7393939393939394,5.001820825659495,0.7140698432922363,0.09203020597159733,0.12586589162346343,0.5285856127738953
486,3.4,0.6666666665925927,7.93688092500356e-09,0.2378167641325536,2.66816559662261,0.9057016968727112,0.9988195218745407,0.9932985850825283,0.9455258846282959
487,5.0,0.818730752914236,0.3559193467880295,0.8049853372434018,5.023087237859485,0.953877866268158,0.7939226814400134,0.9900996382182708,0.9952453374862671
488,5.0,0.7718784871726356,0.5535801382983128,0.6947608200455582,6.103645764071604,0.9447360634803772,0.9510057766517088,1.1121852998317945,0.9527578949928284
489,5.0,0.46153846150295863,5.142401604576806e-09,0.5637707948243993,1.1193044688904892,0.7567756175994873,0.30083393130366093,0.415088279795535,0.7456229329109192
490,4.777777777777779,0.5362560366140092,0.44827003178420904,0.6472148541114059,5.125072687445017,0.8801471590995789,0.62565037467912,0.7728038424693016,0.9013139605522156
491,1.4444444444444444,0.8461538460236689,0.6262844961733891,0.8461538461538461,6.2071653445171275,0.9342665672302246,0.6006361940865967,0.600521366429495,0.8619609475135803
492,1.1428571428571428,0.7999999996800004,9.036020031392194e-05,0.8,3.6378971062678507,0.8365809917449951,0.3317554804626823,0.8651257418190964,0.6920756697654724
493,1.75,0.7777777776049386,6.55996556926105e-05,0.7777777777777778,3.6561771863309707,0.8437495827674866,0.37433413891767525,0.36332687491558524,0.652587354183197
494,1.25,0.6999999999300001,0.6389431041697642,0.7936802973977695,6.546781937476139,0.7214458584785461,0.031593265054719946,0.05949599126117689,0.3512265086174011
495,1.6666666666666667,0.31183566163562787,5.847275577679081e-13,0.25657202944269186,0.5878963461403205,0.5334150791168213,0.33754516677337765,0.3540011440002925,0.5855658650398254
496,1.6666666666666667,0.7777777776049386,0.725979528935783,0.7777777777777778,6.569258122957424,0.6190643310546875,0.0032353649397577726,0.0024679370428376084,0.2961450219154358
497,1.2222222222222223,0.6666666664444446,0.5081327479492447,0.6666666666666666,5.09267828481244,0.839784562587738,0.03863815792371262,0.0533195434608894,0.5888863801956177
498,1.75,0.1369434493561738,1.33131856023968e-05,0.3100381194409148,0.4212104485774257,0.5855071544647217,0.22675084020018574,0.3012645089874249,0.5628006458282471
499,2.75,0.0028876915702115767,9.26271032579403e-15,0.07231772377000592,3.5716970747208816e-08,0.5505288243293762,0.00574487634242048,0.37537929113509466,0.6763176321983337
