,Human,BLEU-1,BLEU-4,ROUGE-L,METEOR,CIDEr,BERTScore,BLEU-1-KPQA,ROUGE-L-KPQA,BERTScore-KPQA
0,0.6,0.3678794409261896,0.011633369375307054,0.6288659793814433,0.2801919259156008,4.063714695085646,0.7991842031478882,0.30119423407964424,0.5144133406999897,0.7839059233665466
1,0.2,0.1666666666111113,1.290994448214029e-12,0.16666666666666666,0.07581884276448919,0.11823216041783521,0.44713330268859863,0.11889662037714985,0.1894712869746779,0.5130159258842468
2,1.0,0.8333333331944446,0.7598356854711318,0.9242424242424241,0.555867739468901,8.846522035279229,0.9576268196105957,0.9345424633364416,0.9706770329843236,0.9641027450561523
3,0.2,0.1999999999800001,7.93688092513584e-13,0.26180257510729615,0.07618740750729608,0.144447194361379,0.437559574842453,0.16300021188844485,0.18949230024844713,0.4895075857639313
4,0.3,0.24999999993750027,2.540663739449812e-12,0.3546511627906977,0.19047619047619047,1.057993621291095,0.6090942025184631,0.3230311949516837,0.40828470422213853,0.6422383189201355
5,0.2,0.12383969992892904,1.6060081125895712e-09,0.14823815309842042,0.06745633606063801,0.15780584921239094,0.46073591709136963,0.10154638775829213,0.15842067635621457,0.551627516746521
6,0.2,3.678794404356842e-16,2.068738122000421e-09,0.0,0.0,0.0,0.311443030834198,3.747543075867718e-16,0.0,0.3589298129081726
7,0.2,3.678794404356842e-16,2.068738122000421e-09,0.0,0.0,0.0,0.3361683487892151,4.888405235447127e-16,0.0,0.2805096507072449
8,0.6,0.24999999993750027,2.540663739449812e-12,0.3546511627906977,0.17777777777777778,0.9937189696692701,0.6359441876411438,0.36195158678267964,0.4412724917415304,0.680152952671051
9,0.4,0.5488116358745021,5.802976527453859e-05,0.7384987893462469,0.3247875416606277,3.5349468028044746,0.8139739036560059,0.44932895448139115,0.8875511577388617,0.8684166669845581
10,0.2,0.049787068268290074,1.5744053386817196e-06,0.3609467455621302,0.04624277456647399,0.36209339096603227,0.49328911304473877,0.018315638582812047,0.2295089042115014,0.5083136558532715
11,0.2,0.22222222217283966,9.018037815333522e-13,0.2222222222222222,0.04624277456647399,0.17079741992701694,0.41705116629600525,0.1863780557377116,0.08169857735208433,0.47114163637161255
12,0.2,0.24999999993750027,2.540663739449812e-12,0.2932692307692307,0.07339449541284403,0.20411732666939564,0.5055758953094482,0.1733713314108714,0.2109094009888835,0.5497907400131226
13,0.7,0.7142857140816329,0.6147881527467011,0.7142857142857143,0.5260492601500357,6.144345616984391,0.8066384196281433,0.6306809304288852,0.7887880089389191,0.8404709100723267
14,0.2,4.999999995000003e-16,2.659147946145741e-11,0.0,0.049484536082474224,0.0,0.45454102754592896,9.063983528908293e-16,0.0,0.474123477935791
15,0.2,9.99999998000001e-16,5.62341324487423e-09,0.0,0.0,0.0,0.42585328221321106,5.47230858674598e-16,0.0,0.4446723163127899
16,1.0,0.5362560366140092,6.0570253634217745e-05,0.6472148541114059,0.3408760886159528,3.2072955882630536,0.8445634245872498,0.6883376832205391,0.8317365254250605,0.8648999929428101
17,0.4,0.4999999997500003,3.0213753950277923e-12,0.5,0.2211981566820277,1.5552015583455503,0.7160470485687256,0.5980320705172717,0.6773766937879432,0.7132946848869324
18,0.2,3.0326532955305157e-16,1.6128547580492708e-11,0.0,0.0,0.0,0.4863450527191162,2.7102217364688303e-16,0.0,0.47566017508506775
19,0.9,0.30119421179172456,0.3011942117553303,0.5854126679462572,0.2649057195906481,3.5942625630471965,0.8093676567077637,0.36787942873376545,0.6600093549003807,0.8450043201446533
20,0.7,0.49999999950000074,1.4953487799127914e-07,0.5,0.3965557858586919,1.6688191353526938,0.8197266459465027,0.6076517724984448,0.9391978099790514,0.8004657626152039
21,0.2,0.4999999997500003,1.6990442435374433e-08,0.5,0.23561593770175526,2.0456586984822795,0.6155188679695129,0.3876113800041016,0.5642929496906107,0.6758307218551636
22,1.0,0.142484530730549,3.251563818750512e-09,0.17604617604617603,0.14141259810706755,0.5708085495334918,0.5549145936965942,0.1245985118049924,0.19886733250408814,0.5954585671424866
23,1.0,0.7999999999200001,0.660632863523656,0.9070631970260222,0.5193190762351243,7.115478439343117,0.9057382345199585,0.7699976840326541,0.9016323907199566,0.920336127281189
24,0.2,0.3032653295530519,9.069748819809871e-08,0.3860759493670886,0.147239263803681,1.2842393788488398,0.5945194959640503,0.39257529164502414,0.21627362645695908,0.5797749161720276
25,0.2,4.999999997500001e-16,2.659147947475314e-11,0.0,0.0,0.0,0.2650585174560547,3.3598701638004383e-16,0.0,0.26500141620635986
26,0.2,0.6549846022003919,1.315583108288415e-08,0.7155425219941348,0.3095678817889956,2.4010137266250418,0.817988395690918,0.5421045949507661,0.7862312480500155,0.8797476291656494
27,0.8,0.1673476200276487,2.805713223248693e-05,0.3978260869565217,0.27706374499679337,1.558330738424622,0.6961684226989746,0.1667134858048606,0.44712557951398785,0.7333235740661621
28,0.2,0.2499999999687501,1.0445522729063402e-12,0.26991150442477874,0.052805280528052806,0.0764456292844479,0.41990500688552856,0.1502828763321924,0.1828605695620907,0.4904422163963318
29,1.0,0.7788007826820048,0.7788007824710799,0.8714285714285713,0.5092155922616783,8.33468374644022,0.9630663990974426,0.716531269953152,0.963811352816965,0.9625239968299866
30,0.2,9.99999998000001e-16,5.62341324487423e-09,0.0,0.0,0.0,0.2727164328098297,3.389770727951925e-16,0.0,0.27619585394859314
31,0.2,1.428571428367347e-16,1.857505799560655e-16,0.0,0.0,0.0,0.2763286232948303,1.3678887737952726e-16,0.0,0.2867039144039154
32,0.2,9.99999998000001e-16,5.62341324487423e-09,0.0,0.0,0.0,0.4388527274131775,5.056386556097107e-16,0.0,0.44070860743522644
33,0.3,0.4999999999375001,4.6713797759570566e-05,0.5398230088495575,0.2946439305154581,2.0227286895864056,0.7944937944412231,0.5903110309659994,0.5810626778669665,0.8115984201431274
34,0.2,0.16666666663888907,1.2909944484291948e-12,0.18484848484848485,0.03686635944700461,0.302464017209477,0.4370994567871094,0.10164069344967853,0.13321731069292497,0.47977617383003235
35,0.2,2.499999999375e-16,4.518010015696094e-16,0.0,0.0,0.0,0.33730727434158325,4.3633170854757974e-16,0.0,0.35121554136276245
36,0.2,0.4285714285102042,5.169731538590075e-05,0.5736677115987461,0.2205766225293028,1.5791432328742403,0.5293384790420532,0.1877213028065562,0.24796798972382067,0.5439736247062683
37,0.2,1.428571428367347e-16,1.857505799560655e-16,0.0,0.0,0.0,0.4550043046474457,2.024390740271398e-16,0.0,0.48341527581214905
38,0.3,0.08556951981024227,6.628186502891177e-13,0.11960784313725491,0.021276595744680854,0.0450891896684633,0.40718987584114075,0.018221505776798205,0.14438517883553137,0.45419570803642273
39,1.0,0.3333333332222226,6.389431039534237e-10,0.4149659863945578,0.17529161909076163,0.3166414848073019,0.6695271134376526,0.36743105994355674,0.6742612673418542,0.768021285533905
40,1.0,0.3678794404356846,1.163336936997511e-05,0.6288659793814433,0.31168831168831174,2.069489397865044,0.8659241199493408,0.13533528296551145,0.920182517449275,0.91306471824646
41,1.0,0.3678794404356846,1.163336936997511e-05,0.6288659793814433,0.31168831168831174,2.137053190217016,0.8724740147590637,0.36787944037767223,0.8229304594874355,0.8796446919441223
42,0.2,1.9999999996000001e-16,3.02137539638741e-16,0.0,0.01696113074204947,0.0,0.33751314878463745,2.9921271517249577e-16,0.0,0.32417187094688416
43,0.6,0.18887560271164494,0.005972770989312134,0.5041322314049587,0.2219257150218368,2.8649499134106167,0.7496313452720642,0.06948345114040902,0.5764585121975809,0.8056662678718567
44,1.0,0.7788007826820048,0.00012574334287136646,0.8714285714285713,0.3987346638029704,4.979522831580056,0.914189875125885,0.8187307939820642,0.9403340101988883,0.9577263593673706
45,0.2,0.4999999997500003,1.6990442435374433e-08,0.5,0.23883483101116276,1.908820148328707,0.5912964940071106,0.14302171883332962,0.2383313486056666,0.4779922664165497
46,0.2,3.333333331111112e-16,1.1362193655679926e-13,0.0,0.0,0.0,0.4582168757915497,5.759142090333767e-16,0.0,0.4992617964744568
47,1.0,0.6666666664444447,4.272870062003943e-06,0.8299319727891156,0.4660191824608054,3.996612113943234,0.9453999400138855,0.9196078367065823,0.89090762016709,0.958358108997345
48,0.2,1.3533528296594253e-16,7.610462242515746e-10,0.0,0.0,0.0,0.5315520763397217,4.995913726859626e-17,0.0,0.5344773530960083
49,0.5,0.49999999975000053,1.4953487806604652e-07,0.7093023255813954,0.3478260869565218,1.743384349760141,0.7496975660324097,0.4992288779893212,0.6552943404561337,0.7599763870239258
50,0.2,0.3333333332962964,9.980099402512292e-13,0.2684268426842684,0.15369937116389668,0.2778231766050502,0.6689592003822327,0.23797337231471397,0.23342718060683623,0.7377221584320068
51,0.2,0.22224546616006638,4.46323613687257e-09,0.25487465181058494,0.1357403187429884,0.6892971217123847,0.5732021927833557,0.19955803713017362,0.32812778298987705,0.6013497114181519
52,1.0,0.1353352829659427,4.2796774227674215e-06,0.45864661654135336,0.2553191489361702,2.059772222223071,0.8226894736289978,0.04978706826783662,0.994765184219995,0.9084218144416809
53,1.0,0.3678794404356846,1.163336936997511e-05,0.6288659793814433,0.8000000000000002,1.9034957937034125,0.8349609375,0.3678794404246087,0.8084168861484075,0.8784438967704773
54,0.2,0.14795817830578073,3.1007926595699404e-09,0.3285457809694794,0.06684318001660301,0.21621919973270198,0.4824766516685486,0.08075571956424785,0.3284375547887556,0.5337148904800415
55,1.0,0.24999999993750027,2.540663739449812e-12,0.4485294117647059,0.40652737193389404,1.2988613341265682,0.7569504380226135,0.6123413416649118,0.612919695587707,0.797996997833252
56,0.5,0.18181818180165296,3.986357127842452e-09,0.31853785900783294,0.20007106262715202,0.5475971252455757,0.6004685163497925,0.635388444242707,0.7749654186861917,0.7957427501678467
57,0.2,0.13406400915350244,1.138903415829333e-12,0.16180371352785147,0.025316455696202535,0.0528116282310241,0.38775187730789185,0.10035087138666361,0.07305165520348937,0.434006005525589
58,0.8,0.3894003913410025,2.540663739449812e-12,0.43571428571428567,0.24692906590142366,1.0180005054082097,0.720374584197998,0.3951522167565518,0.5369477212066184,0.7702634930610657
59,1.0,0.5999999997600003,2.2360679763351715e-12,0.6,0.2153846153846154,1.077357892519855,0.6678777933120728,0.40692369967337066,0.6498949542742662,0.6096383929252625
60,0.2,4.999999997500001e-16,2.659147947475314e-11,0.0,0.0,0.0,0.5092701315879822,5.754662644305193e-16,0.0,0.5143163800239563
61,1.0,0.2195246543498009,1.108882419297383e-12,0.1476997578692494,0.14680068078978026,0.8016808689533285,0.7667409777641296,0.3786264761215879,0.6575429430969675,0.8485293388366699
62,1.0,0.49999999975000053,1.4953487806604652e-07,0.7093023255813954,0.38095238095238093,1.9034957937034125,0.8934483528137207,0.7907530550332225,0.8815669288349438,0.9307821989059448
63,0.7,0.4285714285102042,5.169731538590075e-05,0.5736677115987461,0.41169318936730814,2.5823175506032428,0.7554551959037781,0.6272517488193224,0.5855372092921203,0.8549399375915527
64,0.2,0.1428571428163267,1.0445522727244761e-12,0.14285714285714285,0.03225806451612904,0.19501880792148055,0.47723597288131714,0.032135858572399936,0.05610752381894466,0.4794585704803467
65,0.2,3.3333333322222225e-16,1.1362193659467322e-13,0.0,0.0,0.0,0.47725677490234375,4.591759339703903e-16,0.0,0.49029794335365295
66,0.6,0.3333333331111115,6.389431037404428e-10,0.3333333333333333,0.13559322033898305,0.8457598841124234,0.5774133801460266,0.19776770336804878,0.2811877448559993,0.5847434401512146
67,0.2,4.999999995000003e-16,2.659147946145741e-11,0.0,0.0,0.0,0.35279062390327454,5.64257590776575e-16,0.0,0.2904897928237915
68,0.2,0.1353352829659427,4.2796774227674215e-06,0.45864661654135336,0.16551724137931037,1.5935890591922544,0.7437415719032288,0.04978706826766836,0.6084510908230806,0.8001694083213806
69,0.2,3.3333333322222225e-16,1.1362193659467322e-13,0.0,0.0,0.0,0.4044148027896881,2.5937563514517026e-16,0.0,0.4232911169528961
70,0.2,4.978706826829002e-17,2.799732596833058e-10,0.0,0.0,0.0,0.3331681787967682,1.841584182684963e-17,0.0,0.31152376532554626
71,0.2,1.9470019567050115e-16,3.518629737268912e-16,0.0,0.0,0.0,0.38940519094467163,2.559485895716114e-16,0.0,0.4375309646129608
72,0.3,3.678794404356842e-16,2.068738122000421e-09,0.0,0.0,0.0,0.40515202283859253,7.142579496789842e-16,0.0,0.3998242914676666
73,0.2,0.20217688650348561,5.236421925064999e-09,0.3536231884057971,0.10959915763418558,1.119425378918994,0.613979697227478,0.22719584391719863,0.4755075812291457,0.6728222370147705
74,0.6,0.5841005870115037,1.4643803157294229e-08,0.5791139240506329,0.26727750186126015,2.187849756179535,0.7778037786483765,0.5378410587073971,0.5366620161281229,0.8074186444282532
75,1.0,0.9999999990000008,0.0009999999991250007,1.0,1.0,5.0,0.9426937699317932,0.5134171292529065,0.9603554380493255,0.9504770636558533
76,0.2,9.99999998000001e-16,5.62341324487423e-09,0.0,0.0,0.0,0.34187692403793335,1.4410547281134776e-15,0.0,0.34187692403793335
77,1.0,0.6666666664444447,4.272870062003943e-06,0.8299319727891156,0.46040449351549445,4.162510631902688,0.9355069398880005,0.9302834657860164,0.9676342884002472,0.9590094685554504
78,0.4,0.24999999993750027,1.3614126370847318e-10,0.3546511627906977,0.17777777777777778,0.8643556220411859,0.6073256731033325,0.164777233002887,0.19197775470138778,0.5876209735870361
79,0.3,1.340640091535023e-16,2.0252884943922996e-16,0.0,0.022571886472974992,0.0,0.3882724940776825,1.7006319230471782e-16,0.0,0.36450862884521484
80,1.0,0.24999999993750027,2.540663739449812e-12,0.4485294117647059,0.2962962962962963,1.2896382276531582,0.619681179523468,0.9882695480875322,0.9963729626315281,0.9174602627754211
81,1.0,0.8571428570816327,0.6298129991886307,0.8948655256723717,0.5142177100638559,6.593321108881588,0.9048888087272644,0.891646702316624,1.0698379229279025,0.9350869059562683
82,0.2,0.5999999997600003,1.2574334290280229e-08,0.4,0.24054975167513412,2.022236985672112,0.6853411197662354,0.5478458869979586,0.2823934279391791,0.683409571647644
83,0.2,0.49999999950000074,1.4953487799127914e-07,0.5,0.1,0.21869235744445215,0.4961196184158325,0.21104049045296364,0.2658066863581843,0.5519812703132629
84,0.2,3.3333333322222225e-16,1.1362193659467322e-13,0.0,0.0,0.0,0.471941202878952,4.523675527462494e-16,0.0,0.47466838359832764
85,0.7,0.7499999996250004,1.8803015450937985e-08,0.75,0.2900878266954308,2.7817660864248706,0.825856626033783,0.6401772104724013,0.6268536069471526,0.799212634563446
86,1.0,0.13533528310127763,0.00013533528311819452,0.45864661654135336,0.2239076540729651,2.373555406514758,0.7590065002441406,0.13533528310064885,0.6181428732030559,0.7816876769065857
87,0.2,3.333333331111112e-16,1.1362193655679926e-13,0.0,0.03428571428571429,0.0,0.32401177287101746,2.90959703321669e-16,0.0,0.32240813970565796
88,1.0,0.5999999998800002,1.2574334292795093e-08,0.6802973977695167,0.424595255130956,2.9614846955896845,0.9426476955413818,0.8847356339735623,0.921541630687055,0.9593429565429688
89,0.3,0.7499999996250004,0.00012574334287136646,0.75,0.32397191433991346,4.188277542442317,0.6825882792472839,0.5583738330386236,0.6717479627845504,0.756696879863739
90,0.4,0.04931939276859362,4.1897915216354195e-13,0.1095152603231598,0.09094736842105264,0.23833896536388302,0.4586780369281769,0.060550011591427824,0.08118676153842778,0.4772526025772095
91,0.2,1.3533528296594253e-16,7.610462242515746e-10,0.0,0.0,0.0,0.41720083355903625,3.266363327060318e-16,0.0,0.43765392899513245
92,0.2,1.3533528296594253e-16,7.610462242515746e-10,0.0,0.0,0.0,0.3260783553123474,1.437937558195518e-16,0.0,0.3342762291431427
93,1.0,0.7499999996250004,0.00012574334287136646,0.75,0.3899344179774085,4.228776260050551,0.7745005488395691,0.782181427111265,0.8392079695582535,0.8582677841186523
94,0.2,1.1156507996264998e-16,5.9333610708186794e-12,0.0,0.0,0.0,0.4492352604866028,8.387673578183835e-17,0.0,0.4914150834083557
95,0.2,0.1839397204017818,5.501080735107161e-08,0.31443298969072164,0.11707317073170731,0.8178748749306785,0.5639910697937012,0.14271405790783567,0.30063374450971886,0.5722146034240723
96,1.0,0.7999999998400001,0.6687403047618682,0.9070631970260222,0.5372266305880596,8.359747418962712,0.9573899507522583,0.9507750499199842,0.9770389331235283,0.9674223065376282
97,0.3,0.2952290953893271,0.17267606040728328,0.346590909090909,0.1493934553907093,1.4804236716238135,0.6007590889930725,0.2821020347856964,0.2671714965181944,0.6677680015563965
98,1.0,0.999999998000002,3.162277656215536e-05,1.0,1.0,2.5,0.953563928604126,0.9705431546425494,0.9870242579050533,0.9916494488716125
99,0.2,0.24999999993750027,2.540663739449812e-12,0.2932692307692307,0.05594405594405594,0.18921701281873873,0.44869664311408997,0.07949608525775992,0.05618262587540004,0.41639766097068787
100,0.2,0.1809674835709985,4.038503062172567e-09,0.18885448916408668,0.10350756884933134,0.6963751529238484,0.4854566752910614,0.08810320415936329,0.02678649654685778,0.46121564507484436
101,0.2,0.16666666663888907,1.2909944484291948e-12,0.2074829931972789,0.042328042328042326,0.10035590924772139,0.38125407695770264,0.08068612187479221,0.09698829020782876,0.41252681612968445
102,0.6,0.5643211497389692,0.43012508495748436,0.6069651741293532,0.33947706150778556,4.916535289896328,0.8009324669837952,0.5011162376247368,0.6422272261250778,0.8177981972694397
103,0.3,0.3999999999200002,2.020515504028375e-12,0.4535315985130111,0.16243654822335027,0.836811156679116,0.5042099356651306,0.25920986009719654,0.3627687334741846,0.5748439431190491
104,0.4,0.25773347948218134,4.46778805234787e-09,0.26991150442477874,0.11617161716171619,0.7842542603773489,0.5282873511314392,0.23752329970621172,0.25340205421008793,0.6232571601867676
105,1.0,0.6666666664444447,4.272870062003943e-06,0.8299319727891156,0.6932185145317544,4.164494872159834,0.9492893815040588,0.8020041894538112,0.8749685497001849,0.9353175759315491
106,0.5,0.5134171186903144,0.016235674845794527,0.7176470588235294,0.29987482980223396,4.729302626140653,0.7929273843765259,0.5134171186628474,0.7855215525906768,0.8456810712814331
107,1.0,0.6666666664444447,4.272870062003943e-06,0.8299319727891156,0.46040449351549445,4.02735483003621,0.9149092435836792,0.7639398711588444,0.8636191287777637,0.9164324402809143
108,0.2,6.737946985609614e-18,3.789026039791798e-11,0.0,0.0,0.0,0.3060971200466156,6.832529280653551e-18,0.0,0.3190056085586548
109,0.6,0.2499999999687501,5.873949093767425e-09,0.4485294117647059,0.3473961178344186,0.885653930939202,0.9311801791191101,0.2544744157472837,0.5368307131746084,0.9237008690834045
110,0.2,0.14285714283673484,1.0445522728736978e-12,0.19122257053291536,0.07750865051903115,0.07671930077079012,0.3991378843784332,0.10898401757787197,0.15335156640245884,0.4729456305503845
111,0.9,0.6191984996446447,5.635220630781876e-05,0.6587473002159828,0.3473280019651507,3.0504738294436686,0.8679572939872742,0.615274157990729,0.6661806836546293,0.8689401149749756
112,0.9,0.8571428568979593,0.8091067113010008,0.8571428571428571,0.5419901468212489,8.554084586854184,0.9782661199569702,0.9326983176384597,0.9393953621767076,0.9844363927841187
113,0.9,0.3678794404356846,1.163336936997511e-05,0.6288659793814433,0.2162162162162162,1.743384349760141,0.8162469267845154,0.3678794518618358,0.801750514090195,0.8259846568107605
114,0.5,0.08333333332638898,5.386366368312954e-13,0.181547619047619,0.16326530612244897,0.1122481618642837,0.7335619330406189,0.07333291178038973,0.4459830917367579,0.755776047706604
115,0.4,3.333333331111112e-16,1.1362193655679926e-13,0.0,0.14328358208955227,0.0,0.3840015232563019,3.8864220335169105e-16,0.0,0.39885783195495605
116,1.0,0.4999999998750002,1.699044243962204e-08,0.7093023255813954,0.4342451472930232,3.1724448882444505,0.8557142615318298,0.723250858625727,0.8954677974387781,0.8881677985191345
117,0.2,4.999999997500001e-16,2.659147947475314e-11,0.0,0.0,0.0,0.23775187134742737,2.5417679647573753e-16,0.0,0.24114926159381866
118,0.8,0.6666666665555557,1.220947166871594e-08,0.7393939393939394,0.34272262745996446,2.844025911709732,0.8333063721656799,0.9066363822797432,0.8432033940366976,0.8217206597328186
119,1.0,0.24999999993750027,2.540663739449812e-12,0.3546511627906977,0.27906976744186046,1.7143827426349625,0.8190840482711792,0.8636573796403512,0.8117540675029359,0.9172050952911377
120,0.2,2.4999999987500003e-16,4.518010014566593e-16,0.0,0.04000000000000001,0.0,0.369202196598053,1.9176299990305963e-16,0.0,0.4064352214336395
121,0.2,9.118819637307602e-19,5.127889122861252e-12,0.0,0.0,0.0,0.28799912333488464,3.4944250090524004e-19,0.0,0.3015896677970886
122,1.0,0.7165313100961022,0.022658709544448513,0.8356164383561644,0.46222744466331606,6.232100813179434,0.9417847394943237,0.627287358789075,0.9607576438000469,0.9535326957702637
123,0.8,0.47768754022329724,4.919625501680315e-05,0.5570776255707762,0.23671847849020938,2.14527903168704,0.7249753475189209,0.495575463672897,0.5810201230586969,0.7960466146469116
124,0.5,0.3999999999200002,1.1362193661029629e-08,0.6192893401015228,0.3783522075424361,2.3067852461975864,0.7579693794250488,0.7285413974406114,0.9345726347507841,0.8859943151473999
125,0.4,0.07162619917923453,7.279123483791415e-13,0.14386792452830188,0.041992937320644005,0.06575796872537161,0.44205933809280396,0.04177231863466701,0.09358202295276527,0.501284122467041
126,0.3,0.011891331107823273,2.279365203210938e-11,0.18740399385560674,0.06400000000000002,0.04949718106084998,0.5145794749259949,0.001830557448702202,0.13350252539765375,0.5410717129707336
127,1.0,0.7499999996250004,0.6065306592451,0.7721518987341772,0.3329984916316827,6.109498381207934,0.8302891254425049,0.5007700546650473,1.1171089797792262,0.9278091192245483
128,0.2,1.666666666388889e-16,2.295748846116193e-16,0.0,0.0,0.0,0.3439910113811493,1.974884900510341e-16,0.0,0.36449897289276123
129,0.2,2.38843770032034e-16,8.141367511097532e-14,0.0,0.06697674418604652,0.0,0.36998486518859863,1.9374062736831316e-16,0.0,0.36476266384124756
130,0.2,0.10108844325174288,7.830277143606023e-13,0.12869198312236285,0.04962801683348837,0.05693903064383593,0.3635634481906891,0.20448167924440108,0.1572061556763251,0.4668632447719574
131,0.2,2.499999999375e-16,4.518010015696094e-16,0.0,0.0,0.0,0.4866732060909271,2.3723344981128306e-16,0.0,0.5316911339759827
132,0.2,0.2857142856734695,6.985342055253716e-09,0.34366197183098596,0.16908660602560197,1.284784513559213,0.5662549138069153,0.1317914727083429,0.4672921044829913,0.5617358088493347
133,0.2,0.38461538458579886,0.2891784932978699,0.5285961871750434,0.3629398304606578,2.0540467475116975,0.6370498538017273,0.323892064546099,0.44507728040066646,0.7052422165870667
134,1.0,0.3678794404356846,1.163336936997511e-05,0.6288659793814433,0.31168831168831174,2.2547892908972886,0.9205413460731506,0.6065306320360199,1.0568925916898564,0.9480662941932678
135,0.2,0.14285714283673484,1.6060081125895712e-09,0.15601023017902813,0.06799623335022274,0.13738481592371335,0.4898902475833893,0.15506794622731654,0.16564590231215806,0.5477877259254456
136,0.2,0.24999999993750027,2.540663739449812e-12,0.2932692307692307,0.058394160583941604,0.10418669443067992,0.48955681920051575,0.21376157002719445,0.1906082783541314,0.5412361025810242
137,1.0,0.4999999998750002,1.699044243962204e-08,0.7093023255813954,0.3899344179774085,2.7091206228678515,0.7135772109031677,0.4695820093930109,0.7609539738990655,0.755180835723877
138,0.4,0.2857142856734695,3.3677650407065834e-05,0.43109540636042404,0.35754170318878553,1.6860292172934852,0.6396521925926208,0.27663468544584224,0.5122904615154152,0.7366710901260376
139,0.2,1.428571428367347e-16,1.857505799560655e-16,0.0,0.0,0.0,0.4351205825805664,1.9635761945189095e-16,0.0,0.5248423218727112
140,0.2,0.49999999950000074,1.4953487799127914e-07,0.5,0.1,0.11342161452623506,0.3677923381328583,0.2326453875980373,0.29062109670330905,0.48256221413612366
141,0.6,0.28216057486948465,1.2995693494765325e-12,0.3034825870646766,0.1891129249298423,0.7644003220213893,0.5942482352256775,0.19138670090694623,0.2554231838444883,0.6007202863693237
142,0.2,0.4412484511819858,6.164542726677392e-09,0.34923664122137404,0.1700186247933564,1.220736669282997,0.7233728766441345,0.40396687948285315,0.34101437470762247,0.7389894723892212
143,0.2,4.999999995000003e-16,2.659147946145741e-11,0.0,0.07236180904522613,0.0,0.3993586599826813,1.0525391490310491e-15,0.0,0.42282387614250183
144,0.2,0.12499999998437514,8.783602618320613e-13,0.14663461538461536,0.04604316546762591,0.15278829880439562,0.46198901534080505,0.15743665685605657,0.22710708167169516,0.5277745127677917
145,1.0,0.49999999950000074,1.4953487799127914e-07,0.5,0.2,1.1028600750446151,0.7085878252983093,0.4546231635466597,0.6666673235505912,0.767663836479187
146,0.2,0.3333333332222226,6.389431039534237e-10,0.4149659863945578,0.0898876404494382,0.18801405985031508,0.4776855707168579,0.02345865421566043,0.043519332332918104,0.38293421268463135
147,1.0,0.3333333332777779,2.9556479766315664e-05,0.5240549828178694,0.2876404494382023,1.7556735718740497,0.7781016230583191,0.3693490142211562,0.4986095607715765,0.796910285949707
148,0.2,3.678794404356842e-16,2.068738122000421e-09,0.0,0.0,0.0,0.3054526746273041,4.619253620672387e-16,0.0,0.30518296360969543
149,0.9,0.24999999993750027,2.540663739449812e-12,0.4485294117647059,0.2962962962962963,0.7306298167522967,0.902729332447052,0.17757002347737502,0.3331263099221106,0.8745546936988831
150,0.3,0.10735389898008273,7.849573143826273e-13,0.17062937062937064,0.05,0.1310238135062482,0.42777636647224426,0.09096168234302776,0.13854469866483957,0.47037023305892944
151,0.8,0.6666666662222226,7.598356850500562e-10,0.6666666666666666,0.3057324840764331,2.3395819271315417,0.9003627896308899,0.6090920002559185,0.6846161552466103,0.8558503985404968
152,0.2,9.99999998000001e-16,5.62341324487423e-09,0.0,0.0,0.0,0.352007120847702,3.477493771427183e-16,0.0,0.36056527495384216
153,0.2,0.1839397204017818,5.501080735107161e-08,0.31443298969072164,0.13186813186813184,1.2948775039288822,0.6365363597869873,0.16772789917822079,0.3306941581143567,0.5791692733764648
154,0.2,0.12499999998437514,8.783602618320613e-13,0.22426470588235295,0.16666666666666666,0.4528939560708283,0.5536179542541504,0.17877451944846312,0.2671325627449813,0.59624844789505
155,1.0,0.4285714285102042,7.730551755471572e-09,0.646643109540636,0.381359362411798,1.8663922875261623,0.7659857273101807,0.7030300489355522,0.9177032237931333,0.8697302937507629
156,0.2,9.99999998000001e-16,5.62341324487423e-09,0.0,0.0,0.0,0.3243263363838196,5.0333481168350775e-17,0.0,0.33409225940704346
157,0.5,0.3333333332222226,6.389431039534237e-10,0.5495495495495495,0.3333333333333333,1.624888912966822,0.650358259677887,0.20231368788312898,0.340332489799094,0.6787821054458618
158,0.2,3.678794404356842e-16,2.068738122000421e-09,0.0,0.0,0.0,0.37900814414024353,4.624740123174392e-16,0.0,0.38186392188072205
159,0.2,0.1410802874347424,1.0928032073484179e-12,0.1517412935323383,0.0367438201555635,0.07401909186025629,0.4588679075241089,0.18761246153516117,0.3469974419747274,0.5585677623748779
160,0.2,3.3333333322222225e-16,1.1362193659467322e-13,0.0,0.0,0.0,0.39978426694869995,4.699725127497744e-16,0.0,0.4047476649284363
161,0.6,0.3333333332222226,6.389431039534237e-10,0.4149659863945578,0.09638554216867469,0.48314639687413996,0.7260960936546326,0.2787534525636333,0.38108227016949786,0.7454429268836975
162,0.5,0.22222222219753096,5.071215336254801e-09,0.3306233062330623,0.1683417311091896,0.968719694039297,0.6000034809112549,0.22209286536479442,0.3100061862485047,0.6237401962280273
163,0.5,0.22222222219753096,9.018037816335524e-13,0.13832199546485258,0.13797026502908857,0.32346631876307586,0.48588526248931885,0.24147966022762596,0.1446461356578568,0.508445143699646
164,0.4,0.6666666662222226,4.272870060579654e-06,0.6666666666666666,0.19106786480893023,1.2640728724676253,0.6459416747093201,0.32095500712632125,0.45751541897500453,0.6621993184089661
165,0.6,0.19999999996000023,1.699044244302013e-12,0.37888198757763975,0.2857142857142857,1.1250969463304983,0.5140563249588013,0.2529756816195515,0.4161093095380548,0.6178064942359924
166,0.2,2.499999999375e-16,4.518010015696094e-16,0.0,0.0,0.0,0.26492583751678467,2.064731990793946e-16,0.0,0.2579292953014374
167,0.2,4.999999995000003e-16,2.659147946145741e-11,0.0,0.0,0.0,0.3634031414985657,1.0382363772253801e-15,0.0,0.36778464913368225
168,0.2,1.6701700756842463e-20,9.39205654357949e-14,0.0,0.0,0.0,0.36147794127464294,0.005857365785678205,0.21328875861904922,0.39627888798713684
169,0.2,3.3333333322222225e-16,1.1362193659467322e-13,0.0,0.0,0.0,0.3212624788284302,4.527969138308994e-16,0.0,0.3309001922607422
170,0.2,0.14285714283673484,1.0445522728736978e-12,0.17183098591549298,0.09825344746832039,0.09858773095418905,0.4438551962375641,0.09371657531646897,0.1401833094983964,0.5176559090614319
171,0.2,0.06464797853317149,7.368276163290233e-11,0.28045977011494255,0.11188811188811187,0.6462615290919932,0.5790089964866638,0.022928795021810954,0.2654101130672289,0.6055583953857422
172,0.2,4.999999995000003e-16,2.659147946145741e-11,0.0,0.0,0.0,0.2986679673194885,2.7130516928732967e-15,0.0,0.29330676794052124
173,0.2,0.054134113272991474,2.8085012456623856e-13,0.18345864661654135,0.03292181069958848,0.06863760416589232,0.47747209668159485,0.03559114487092082,0.13473208316278545,0.5187903046607971
174,0.2,0.3678794404356846,1.163336936997511e-05,0.6288659793814433,0.11267605633802819,0.6145360273700604,0.620027482509613,0.3678794399451208,0.5172870678651186,0.6786240339279175
175,0.2,0.19999999996000023,1.699044244302013e-12,0.22676579925650556,0.049079754601226995,0.18269809482953236,0.4857037365436554,0.08692224464665285,0.15146347680390043,0.4812425971031189
176,1.0,0.7499999998125002,0.00012574334290280228,0.8798076923076923,0.48704502558483637,5.754921924183655,0.8993686437606812,0.8566197706028682,0.9259218900168584,0.9252550005912781
177,0.2,0.15163266485234225,1.5409904536112138e-12,0.1930379746835443,0.03292181069958847,0.0970377514138559,0.3720013499259949,0.04948169786769546,0.15693412936452453,0.44111958146095276
178,0.3,0.09917933289328028,2.0785234783098952e-09,0.2909379968203497,0.1083933023146185,0.371600357344816,0.6656938195228577,0.18240762910688102,0.4074127063873543,0.6877497434616089
179,0.9,9.99999998000001e-16,5.62341324487423e-09,0.0,0.0,0.0,0.2974982261657715,1.0693170051199746e-15,0.0,0.2974982261657715
180,1.0,0.8571428568979593,0.8091067113010008,0.8571428571428571,0.47404386019351213,8.154537225800059,0.8385396599769592,0.674279008957405,0.8964358087817298,0.9216170310974121
181,1.0,0.7499999998125002,0.00012574334290280228,0.8798076923076923,0.5074804812037806,5.859423947987961,0.9374058842658997,0.9835469063557094,0.991878139418205,0.9675844311714172
182,0.7,4.999999997500001e-16,2.659147947475314e-11,0.0,0.0,0.0,0.5137074589729309,7.608652621989843e-16,0.0,0.5093296766281128
183,1.0,0.7499999998125002,0.00012574334290280228,0.8798076923076923,0.5074804812037806,6.180617548211638,0.9594915509223938,0.8129843234960704,0.8853703546930454,0.9458728432655334
184,0.2,9.99999998000001e-16,5.62341324487423e-09,0.0,0.0,0.0,0.39831027388572693,3.7073485817812187e-16,0.0,0.3753501772880554
185,0.2,0.2920502935787644,5.062667120148438e-09,0.3267857142857143,0.1230808442153043,0.8739670225240523,0.5108811259269714,0.19581943223245107,0.3476364516996974,0.6088696122169495
186,0.2,3.678794404356842e-16,2.068738122000421e-09,0.0,0.0,0.0,0.5510867238044739,4.0760535101400327e-16,0.0,0.5499314665794373
187,0.2,0.27272727270247943,2.950234362881453e-05,0.40219780219780216,0.21244059956715636,1.213418735376723,0.617855966091156,0.37671991465664867,0.4664627618026058,0.6893042325973511
188,0.9,0.7499999996250004,0.00012574334287136646,0.75,0.8,3.8425327935188944,0.8641283512115479,0.38060270035959726,0.46863023757337263,0.841615617275238
189,0.5,0.3333333332777779,8.633400211654075e-09,0.5495495495495495,0.367438201555635,2.0729494413828715,0.7136042714118958,0.31718617400984067,0.4527890690280108,0.7895514369010925
190,0.2,4.999999997500001e-16,2.659147947475314e-11,0.0,0.0,0.0,0.2946777641773224,1.0239600626677463e-15,0.0,0.2756870687007904
191,0.2,9.99999998000001e-16,5.62341324487423e-09,0.0,0.0,0.0,0.3500289022922516,1.0078661426763501e-15,0.0,0.3469761908054352
192,0.2,0.17113903956343826,5.782700798817902e-07,0.30576441102756885,0.11904539863484748,1.2256496272881863,0.6926937103271484,0.2511782355012384,0.3266078391439334,0.6882919073104858
193,0.3,0.3333333331111115,6.389431037404428e-10,0.3333333333333333,0.05714285714285714,0.1741727032573466,0.44805726408958435,0.035926846001612,0.08248588175137857,0.40177056193351746
194,1.0,0.49999999975000053,1.4953487806604652e-07,0.7093023255813954,0.38095238095238093,2.2784655840517303,0.9300640225410461,0.8047392850429029,0.8990738088909002,0.9259326457977295
195,0.2,4.999999997500001e-16,2.659147947475314e-11,0.0,0.0,0.0,0.27110281586647034,3.3744755107061376e-16,0.0,0.25897517800331116
196,0.2,4.999999995000003e-16,2.659147946145741e-11,0.0,0.0,0.0,0.246938094496727,2.531516422302024e-16,0.0,0.24703186750411987
197,1.0,0.049787068268290074,1.5744053386817196e-06,0.3609467455621302,0.1340782122905028,1.2541720708433302,0.6755419969558716,0.01831563885185505,0.7484772418177739,0.7840737104415894
198,0.2,0.09999999999000012,6.674094718242315e-13,0.1548223350253807,0.09795918367346938,0.24367439152724463,0.4396803677082062,0.1073287454819632,0.21200311414549847,0.4865352213382721
199,0.2,3.3333333322222225e-16,1.1362193659467322e-13,0.0,0.0,0.0,0.3388998806476593,7.3026255124599e-17,0.0,0.33383721113204956
200,0.2,0.3333333332962964,9.980099402512292e-13,0.35672514619883033,0.13937638353340387,0.3191905520740434,0.5174600481987,0.26577862146582004,0.30825344217695455,0.5495848655700684
201,0.2,0.10510841173323833,4.569757932055151e-13,0.17967599410898377,0.054329371816638376,0.23668055130774768,0.47579869627952576,0.12704683295648886,0.25063643298350374,0.5675835609436035
202,0.2,0.1635019738176407,2.218579874896114e-09,0.13974799541809851,0.13493278914496595,0.28584485701334,0.5361167192459106,0.1954667497243027,0.14098256784545957,0.5841793417930603
203,0.8,4.104249927090697e-17,2.1827615550011675e-12,0.0,0.0,0.0,0.34110400080680847,4.110749217760488e-18,0.0,0.3566507399082184
204,0.2,4.999999995000003e-16,2.659147946145741e-11,0.0,0.0,0.0,0.3021186292171478,5.292717546198041e-16,0.0,0.30908218026161194
205,0.2,3.3333333322222225e-16,1.1362193659467322e-13,0.0,0.0,0.0,0.32640016078948975,3.3566545483671084e-16,0.0,0.33254531025886536
206,1.0,0.8333333330555557,8.034284186199331e-05,0.8333333333333334,0.4863578368362158,4.302545820702582,0.9093633890151978,0.9665098398430048,0.9893933902483181,0.9783304929733276
207,0.2,1.2499999998437502e-16,1.5619699682123511e-16,0.0,0.0,0.0,0.4005022943019867,1.7350337911075888e-16,0.0,0.4505710005760193
208,0.7,0.7499999996250004,0.00012574334287136646,0.75,0.3887662972078962,4.736892650475333,0.8486438989639282,0.9758705312551016,0.9504841474343271,0.9355558156967163
209,0.2,3.3333333322222225e-16,1.1362193659467322e-13,0.0,0.0,0.0,0.3885151147842407,4.512576467626642e-16,0.0,0.3960954546928406
210,0.2,0.12499999998437514,8.783602618320613e-13,0.14663461538461536,0.09714285714285716,0.07013095901221475,0.4754154682159424,0.07536472610383427,0.21744398325940809,0.5071375370025635
211,0.3,0.14285714283673484,1.0445522728736978e-12,0.21554770318021202,0.048780487804878044,0.08868086446107726,0.44982898235321045,0.018507009382855388,0.0480965328378305,0.4608420729637146
212,0.2,1.6374615055009795e-16,2.473692953120812e-16,0.0,0.02028169014084507,0.0,0.37236273288726807,2.0098613104618728e-16,0.0,0.4236997663974762
213,1.0,0.6065306591061034,0.0006065306591819196,0.7721518987341772,0.41839678425313187,4.132093923363387,0.9377369284629822,0.6065306379534223,0.8486816819408445,0.9347988367080688
214,0.2,3.678794404356842e-16,2.068738122000421e-09,0.0,0.0,0.0,0.27916041016578674,1.1931335762449556e-16,0.0,0.2766510844230652
215,0.7,0.7165313100961022,0.022658709544448513,0.8356164383561644,0.3799461194352912,5.7804013637719995,0.8958098888397217,0.7788007826230762,0.9426067467477466,0.9525085091590881
216,1.0,0.5643211497389692,1.0335094636415238e-08,0.6069651741293532,0.30361468928542334,2.217560821469086,0.8183554410934448,0.5362543208672708,0.6702372837613363,0.8466660976409912
217,1.0,0.22313015992530005,3.967877692034514e-08,0.26521739130434785,0.19393939393939397,1.41477191360116,0.7653129696846008,0.13533528308079945,0.34581059531621045,0.7929167151451111
218,0.8,0.3999999999200002,2.020515504028375e-12,0.4535315985130111,0.2962962962962963,1.2389724743686477,0.7335971593856812,0.35574163781232154,0.4160043111046778,0.7600278854370117
219,0.2,1.2499999998437502e-16,1.5619699682123511e-16,0.0,0.0,0.0,0.4206830859184265,0.09184875536755538,0.1077460042035668,0.4664555788040161
220,1.0,0.49999999975000053,1.4953487806604652e-07,0.7093023255813954,0.38095238095238093,2.081273577088008,0.8990831971168518,0.9014641689573557,0.9548294438772791,0.9408025145530701
221,0.2,0.15163266485234225,1.5409904536112138e-12,0.1930379746835443,0.03265306122448979,0.08021173209001112,0.3862971365451813,0.02886986178964688,0.033809864579504495,0.39041730761528015
222,0.2,0.3333333331111115,6.389431037404428e-10,0.3333333333333333,0.05714285714285714,0.13106444828838815,0.3954981565475464,0.2559468561702927,0.16290055173781726,0.4462956190109253
223,0.9,0.814353676069493,0.5088274726283447,0.7554179566563467,0.4674820196310688,5.764577153760548,0.9292897582054138,0.7408754899265605,0.8697634070325516,0.941382884979248
224,0.2,3.0326532955305157e-16,1.6128547580492708e-11,0.0,0.0,0.0,0.25765374302864075,2.0168499098855665e-16,0.0,0.26586195826530457
225,0.2,0.0016093166635376072,3.084785353762318e-12,0.08036890645586298,0.03249909321726514,0.0018845982333528292,0.34467563033103943,0.0008259092058042764,0.07163573689778435,0.4004720151424408
226,0.6,0.049787068268290074,1.5744053386817196e-06,0.3609467455621302,0.16551724137931037,1.7405155147565505,0.6839833855628967,0.006737946985374001,0.667592989991102,0.7801437377929688
227,0.2,2.499999999375e-16,4.518010015696094e-16,0.0,0.0,0.0,0.30283939838409424,3.359114576740663e-16,0.0,0.28642702102661133
228,0.2,3.678794404356842e-16,2.068738122000421e-09,0.0,0.0,0.0,0.32949477434158325,1.8664485109628298e-16,0.0,0.32066914439201355
229,0.2,0.19999999992000028,1.6990442439622046e-12,0.2,0.04597701149425287,0.22501295956829764,0.47505468130111694,0.14992607788652348,0.08805818833481528,0.49216389656066895
230,0.2,1.1111111109876545e-16,1.34851118576642e-16,0.0,0.0,0.0,0.33868923783302307,1.1503470920810815e-16,0.0,0.38130345940589905
231,0.8,0.3999999999200002,1.1362193661029629e-08,0.6192893401015228,0.4022481364398531,2.0358200413281633,0.9484516978263855,0.4207257611420834,0.6655841057794538,0.9448981285095215
232,0.2,9.999999999e-17,1.186840521809983e-16,0.0,0.0,0.0,0.3601793944835663,1.658184341194856e-16,0.0,0.38897866010665894
233,0.2,0.16601831202113534,6.472840222487366e-13,0.17256011315417258,0.07599290077627906,0.19840048346222053,0.45640793442726135,0.17106221770947358,0.11362663493306509,0.5181289911270142
234,1.0,3.678794404356842e-16,2.068738122000421e-09,0.0,0.0,0.0,0.8058009147644043,0.7121610335369151,0.7877002951572498,0.8490706086158752
235,0.6,0.30326532970468434,1.030522425913718e-08,0.3860759493670886,0.16760339018327208,1.5692557292573006,0.6217555999755859,0.3646744778105858,0.4376168663662877,0.7125661969184875
236,0.2,0.24999999993750027,2.540663739449812e-12,0.2932692307692307,0.05369127516778524,0.0885459484449218,0.40576934814453125,0.26449058771393846,0.30301074854213483,0.4957115948200226
237,0.2,9.99999998000001e-16,5.62341324487423e-09,0.0,0.0,0.0,0.47036200761795044,1.0804021478171915e-15,0.0,0.4452444016933441
238,0.4,0.14285714284693884,5.371507285148366e-13,0.17183098591549298,0.09014084507042254,0.22990560466616827,0.47859278321266174,0.11028859890631562,0.15722945338084585,0.5141335725784302
239,0.9,0.5054422162587139,0.46086363950519604,0.6434599156118143,0.3682565725971917,5.439016023976636,0.8232505321502686,0.49758694452835633,0.57564189393623,0.8055211305618286
240,0.2,0.01659568944489089,3.181110398910063e-11,0.12031558185404337,0.020253164556962026,0.021292763043908734,0.39126065373420715,0.001751288495570135,0.024601233987355496,0.317179411649704
241,0.2,3.333333331111112e-16,1.1362193655679926e-13,0.0,0.0844224100367175,0.0,0.4064711928367615,3.05909863077312e-16,0.0,0.39544689655303955
242,0.2,0.2857142856734695,1.2421889948936653e-12,0.43109540636042404,0.13559322033898305,0.41977647417239,0.6126312017440796,0.22731423766021672,0.40334670772564496,0.6826819181442261
243,0.2,1.666666666388889e-16,2.295748846116193e-16,0.0,0.0,0.0,0.432790607213974,4.321702604937787e-16,0.0,0.42352741956710815
244,0.3,0.06131324017480271,4.749303161644116e-13,0.10481099656357389,0.027395608481436125,0.01965253480421225,0.40296342968940735,0.05540739493981205,0.10603326744443042,0.4729210138320923
245,1.0,0.7499999998125002,0.00012574334290280228,0.8798076923076923,0.5072418884157028,5.610102737177032,0.8729836940765381,0.9203298435712194,0.8860086951172172,0.9618498682975769
246,0.2,0.07162619917923453,7.279123483791415e-13,0.14386792452830188,0.02555910543130991,0.18738720056631386,0.47205233573913574,0.02917052231842774,0.06572299694282895,0.4794158637523651
247,0.3,0.3422780791268763,1.5719010500842304e-06,0.47843137254901963,0.15841584158415845,1.1948245679275709,0.6925053596496582,0.3522863863172388,0.701080547156543,0.8186292052268982
248,0.2,0.12262648030872997,2.3505403194438103e-10,0.20962199312714777,0.035555555555555556,0.09235054814515112,0.4562748670578003,0.06903102991811035,0.22251924011086716,0.5180945992469788
249,0.2,3.678794404356842e-16,2.068738122000421e-09,0.0,0.0,0.0,0.31337445974349976,3.753858754163064e-16,0.0,0.31392592191696167
250,0.9,0.3333333332222226,6.389431039534237e-10,0.4149659863945578,0.19512195121951223,1.5904044184882424,0.8467243909835815,0.5097907883823737,0.5291321512876087,0.8589043617248535
251,1.0,0.4999999999500001,0.27776190336791945,0.6545064377682404,0.4153649234976744,3.046715760673608,0.7612561583518982,0.758870861930498,0.8271173382409704,0.8689867854118347
252,0.3,0.17113903962048443,4.43253546338405e-09,0.23921568627450981,0.10327992692374606,0.9007246648716931,0.6176062226295471,0.16657928660263133,0.2067582720465789,0.5987976789474487
253,1.0,0.7788007826820048,0.7788007824710799,0.8714285714285713,0.5092155922616783,8.300302282860173,0.9345146417617798,0.7491893190342709,0.9963733419528943,0.9690766334533691
254,0.2,0.19999999998666673,3.0934588292006376e-09,0.291866028708134,0.147925580500319,0.21760801008648065,0.606593906879425,0.20747284079595232,0.5065412696649023,0.6456059813499451
255,1.0,0.4999999998750002,1.699044243962204e-08,0.7093023255813954,0.4342451472930232,3.2435712281980376,0.8352680802345276,0.7392223447130379,0.8470690131797249,0.8876870274543762
256,0.5,0.27272727270247943,4.411629358851744e-09,0.40219780219780216,0.2926264596172805,0.7863782297770916,0.6696418523788452,0.25525295213885013,0.3707212626656577,0.696480929851532
257,0.7,0.5841005870115037,1.699044243962204e-08,0.7093023255813954,0.4153649234976744,2.6668570939868137,0.7733539342880249,0.6369992772565924,0.8394070938218234,0.8713365793228149
258,0.2,4.999999997500001e-16,2.659147947475314e-11,0.0,0.0,0.0,0.3878897428512573,0.24878367394503229,7.895369442947202e-05,0.3949894905090332
259,0.2,7.243303472703538e-17,9.977283355380016e-17,0.0,0.0,0.0,0.4128093719482422,4.845115176487045e-17,0.0,0.4706462323665619
260,0.2,3.3333333322222225e-16,1.1362193659467322e-13,0.0,0.0,0.0,0.3113093376159668,3.4233655092471807e-16,0.0,0.2876838743686676
261,0.2,0.24999999993750027,2.540663739449812e-12,0.3546511627906977,0.07920792079207922,0.13861893998003505,0.4153067171573639,0.06423197279609866,0.14475657861878136,0.40087008476257324
262,1.0,0.36787944080356333,0.0003678794408495482,0.6288659793814433,0.3048955289504205,3.2145662371769967,0.8668087124824524,0.47236656758106377,0.7845195965408176,0.9191234111785889
263,0.2,6.737946985609614e-18,3.789026039791798e-11,0.0,0.0,0.0,0.5775493383407593,1.4446583175983523e-16,0.0,0.5943501591682434
264,1.0,0.24999999993750027,2.540663739449812e-12,0.2932692307692307,0.18705944806468688,0.07995443582688683,0.742371141910553,0.15900662884191208,0.25338220873460254,0.7676047682762146
265,0.8,0.7999999996800004,0.6687403046281203,0.8,0.4957136636789823,6.987416276013966,0.9502722024917603,0.7550317043775413,0.9092080587603926,0.9741859436035156
266,0.5,0.6666666662222226,4.272870060579654e-06,0.6666666666666666,0.272954092584186,2.2005318343534523,0.8619228005409241,0.5411752634966295,0.6665547714403269,0.868883490562439
267,1.0,0.34364463930957506,4.800950702813486e-09,0.4093959731543625,0.22014643190955394,1.4224546757065002,0.6972153186798096,0.44504874521463195,0.5180299792906087,0.7282018065452576
268,0.4,0.11111111109876555,7.583235672378979e-13,0.2053872053872054,0.1509433962264151,0.3590426790475054,0.48677676916122437,0.23696274819360574,0.3941883492055822,0.5458517074584961
269,1.0,0.3032653297805006,5.873949093767425e-09,0.39610389610389607,0.37347321305272,1.2174316213663028,0.6977136135101318,0.5566187542937573,0.6154248882465645,0.8245667219161987
270,0.2,4.999999997500001e-16,2.659147947475314e-11,0.0,0.0,0.0,0.30687856674194336,4.585507891363371e-16,0.0,0.31127965450286865
271,0.2,1.666666666111111e-16,2.295748845733568e-16,0.0,0.0,0.0,0.3786012828350067,2.2810120642023133e-16,0.0,0.410978227853775
272,1.0,0.4867504892979407,2.689605021257548e-05,0.5446428571428571,0.2668986139934174,1.664235071726953,0.7284305691719055,0.5066762185591906,0.6685804678160092,0.7673003673553467
273,1.0,0.5999999998800002,8.408964149839274e-05,0.6802973977695167,0.8760855750900234,4.224622567293176,0.858269214630127,0.8628325567391164,0.9041617499276818,0.931563138961792
274,1.0,0.7142857140816329,0.6147881527467011,0.7142857142857143,0.9272727272727274,6.3733256136072844,0.9419127702713013,0.8867027634443451,0.8504549556380505,0.961088240146637
275,0.2,0.07357588820485822,6.250434469943716e-13,0.12577319587628866,0.02359882005899705,0.0412273450486502,0.41064462065696716,0.06767020337415254,0.13261115600314025,0.4971354305744171
276,0.2,9.99999998000001e-16,5.62341324487423e-09,0.0,0.0,0.0,0.32319027185440063,5.036613064233287e-16,0.0,0.33028486371040344
277,0.2,1.666666666388889e-16,2.295748846116193e-16,0.0,0.0,0.0,0.33343803882598877,7.684895925718645e-16,0.0,0.3124102056026459
278,1.0,0.6666666662222226,4.272870060579654e-06,0.6666666666666666,0.28517591762526895,2.947763316950378,0.8616001009941101,0.7274084623175324,0.9129772143873697,0.9394926428794861
279,0.2,0.24999999993750027,2.540663739449812e-12,0.3546511627906977,0.08695652173913045,0.07461800123505406,0.40556055307388306,0.06961622455370625,0.10097379080337207,0.4477062225341797
280,0.2,0.12262648030872997,2.3505403194438103e-10,0.20962199312714777,0.0418848167539267,0.1348321473214572,0.4601888954639435,0.08848157782480383,0.20880051233792754,0.5085870027542114
281,0.2,3.678794404356842e-16,2.068738122000421e-09,0.0,0.0,0.0,0.3938167095184326,4.27628404421524e-16,0.0,0.38234075903892517
282,1.0,0.3333333332777779,8.633400211654075e-09,0.5495495495495495,0.4153649234976744,2.49912691627127,0.8521550297737122,0.6784226821784486,0.8436288885079659,0.8641092777252197
283,0.2,0.5714285712653063,0.4111336167637202,0.5714285714285714,0.2272020958528669,3.847518214494712,0.6832768321037292,0.5538434250392201,0.7066159836374459,0.7923978567123413
284,1.0,0.4493289639374902,0.4493289638831964,0.6792873051224945,0.34923900110827016,5.440837223344136,0.8767244219779968,0.5352614387874443,0.7563020304803331,0.8940576910972595
285,0.2,1.3533528296594253e-16,7.610462242515746e-10,0.0,0.0,0.0,0.3367820382118225,1.8486284108788093e-17,0.0,0.3308587372303009
286,0.2,9.99999998000001e-16,5.62341324487423e-09,0.0,0.0,0.0,0.3167966604232788,5.28031545367989e-16,0.0,0.3157588243484497
287,0.2,0.8333333330555557,0.5372849656946186,0.8333333333333334,0.3932249165105456,5.307183732795417,0.8177614808082581,0.8340337858456718,0.8282479613295513,0.8691476583480835
288,0.2,4.999999997500001e-16,2.659147947475314e-11,0.0,0.0,0.0,0.31652405858039856,4.728567800670327e-16,0.0,0.30717504024505615
289,0.4,0.4999999999500001,0.1781815298399722,0.5313588850174217,0.19048428747469728,1.544851206834226,0.5677496790885925,0.3608320529596176,0.4502376132040127,0.6618408560752869
290,1.0,0.7054014371737114,6.800874736195394e-05,0.7587064676616916,0.35005796458546495,3.5680020603227187,0.7742789387702942,0.403741762322955,0.5667055830173772,0.7814633250236511
291,0.2,1.8393972040178161e-16,9.782458604202842e-12,0.0,0.0,0.0,0.3569977879524231,2.280207216687263e-16,0.0,0.40961840748786926
292,1.0,0.7054014371737114,0.643187021563848,0.7587064676616916,0.3825510289062898,6.848610826977105,0.8689915537834167,0.6092814285496957,0.7822834318137252,0.8707136511802673
293,1.0,0.4999999998750002,1.699044243962204e-08,0.7093023255813954,0.4342451472930232,3.2211784400041186,0.8279212713241577,0.7057670158681415,0.8371906872363617,0.875207245349884
294,0.2,0.08986579278749814,7.634297901288654e-13,0.1358574610244989,0.024844720496894415,0.07577593248756552,0.4391859471797943,0.07641841398271447,0.053262517547360645,0.49701741337776184
295,0.2,3.678794404356842e-16,2.068738122000421e-09,0.0,0.0,0.0,0.44497421383857727,4.759778355373021e-16,0.0,0.42125052213668823
296,0.2,0.2681280183070047,1.3543920454051452e-12,0.32360742705570295,0.09256198347107437,0.1714651002995016,0.5779146552085876,0.1879920098678249,0.3761492611755155,0.6459687948226929
297,1.0,0.3999999999200002,1.1362193661029629e-08,0.6192893401015228,0.4022481364398531,2.5167356619517802,0.8427956700325012,0.8259365721919734,0.9817958930631532,0.9476492404937744
298,1.0,4.999999995000003e-16,2.659147946145741e-11,0.0,0.168421052631579,0.0,0.4457477033138275,1.3185284286065852e-16,0.0,0.5032286643981934
299,1.0,0.08208499854181397,8.208499855207459e-05,0.40397350993377484,0.19765641187130714,1.8857566872583418,0.7352667450904846,0.16529889618763227,0.98564836682749,0.9279085397720337
300,1.0,0.6703200457675116,1.1389034158293328e-08,0.32360742705570295,0.3854622020732576,3.276818881329352,0.9179510474205017,0.6703200456812943,0.4314593956810641,0.9074745774269104
301,0.2,0.6249999998437503,0.36555522275082986,0.625,0.3455700419625743,3.446722937002489,0.6540995240211487,0.47800142600034384,0.5889020431541065,0.7066667675971985
302,0.2,0.28216057486948465,1.2995693494765325e-12,0.3034825870646766,0.1245136186770428,0.6996589304261789,0.4783799648284912,0.22355839623085164,0.24340156155893422,0.5350879430770874
303,0.2,0.3333333332777779,1.5352597835010118e-12,0.3696969696969697,0.08743169398907104,0.3467863155649282,0.647104024887085,0.23660222730905595,0.467780710367204,0.7336843609809875
304,0.6,0.3333333332777779,8.633400211654075e-09,0.4728682170542636,0.35602707728372085,1.8778566639290628,0.8284826874732971,0.41044732673532125,0.6120551658150388,0.8785977959632874
305,0.3,0.19999999992000028,1.6990442439622046e-12,0.2,0.03636363636363637,0.16887519846075613,0.37939271330833435,0.14002746236955477,0.14241757556495616,0.43301552534103394
306,0.2,0.38940039143835253,3.63807422753928e-05,0.3267857142857143,0.17429236462249417,1.813268734214085,0.5721009373664856,0.3210494357675557,0.38339526481666175,0.6415420174598694
307,0.2,3.678794404356842e-16,2.068738122000421e-09,0.0,0.0,0.0,0.28026825189590454,1.5599720306239046e-16,0.0,0.2767521142959595
308,0.2,0.14325239839428205,2.0013340063517845e-09,0.21580188679245282,0.10468135944629074,0.1631045200287567,0.4805140197277069,0.15304856344775666,0.2712905287404812,0.5685930848121643
309,1.0,0.1353352829659427,4.2796774227674215e-06,0.45864661654135336,0.14814814814814814,1.365374885039491,0.6698597073554993,0.13533527892242733,0.5010372798851114,0.6913914084434509
310,0.2,0.23884377003203422,4.578227395052241e-10,0.2785388127853881,0.04597701149425287,0.14133076329020539,0.5599455833435059,0.014019471871154246,0.028501046523992875,0.5073357820510864
311,0.2,2.499999999375e-16,4.518010015696094e-16,0.0,0.0,0.0,0.3706631362438202,2.9433038926726933e-16,0.0,0.4118509888648987
312,1.0,0.8668778995025025,0.6129752411701457,0.9222462203023757,0.4455761913762616,6.567856486643263,0.9241706728935242,0.7514772681251441,0.9159822385080176,0.943395733833313
313,0.2,0.12383969992892904,9.054992803586729e-13,0.13174946004319654,0.02318840579710145,0.1444251863148156,0.42245975136756897,0.10630511281284344,0.1395776187529102,0.4587598145008087
314,1.0,0.6065306591061034,1.0785809827805428e-07,0.7721518987341772,0.2442748091603053,1.7822842178300822,0.8135203123092651,0.6065306467462311,0.6990651822991463,0.8180716037750244
315,0.2,9.196986024687569e-17,1.6620829993657386e-16,0.0,0.0,0.0,0.3677646219730377,1.364208723045288e-16,0.0,0.40407121181488037
316,0.7,0.2999999999700001,4.939382736523921e-09,0.3927038626609442,0.21974324998976957,0.9554195490958983,0.6188923120498657,0.37672524894012227,0.4166814614322327,0.7137064337730408
317,1.0,0.12499999998437514,8.783602618320613e-13,0.16052631578947368,0.10217532877482899,0.1404950460903277,0.5407915711402893,0.1931393790116663,0.28704743603404237,0.5938307642936707
318,0.2,0.242612263836531,3.2192901639779317e-09,0.23164556962025318,0.06760974553186104,0.44168991304683225,0.5078752636909485,0.18270956412940884,0.07490861901563015,0.5496304631233215
319,0.2,0.22222222219753096,2.6036487676445435e-09,0.15947712418300655,0.1778855306505194,0.512388245691097,0.5726781487464905,0.17498645184943018,0.20733705700186583,0.5788848996162415
320,0.7,0.4999999999166668,9.554427919774495e-09,0.7093023255813954,0.3692026885214574,1.7108743512398523,0.7629479169845581,0.537883474873186,0.9753580108453213,0.8563219904899597
321,0.2,3.3333333322222225e-16,1.1362193659467322e-13,0.0,0.0,0.0,0.3062957525253296,1.477769877587294e-16,0.0,0.30203431844711304
322,0.2,0.24999999987500032,2.540663738814647e-12,0.25,0.05,0.5416895624983321,0.5160660743713379,0.2571247409063537,0.21891643258333,0.5618546605110168
323,0.2,0.1353352829659427,4.2796774227674215e-06,0.45864661654135336,0.14814814814814814,1.365374885039491,0.6266874670982361,0.018315638851804723,0.38937854026523483,0.63401859998703
324,0.2,0.09090909090082655,5.960994272631735e-13,0.17579250720461098,0.14545454545454548,0.27753622393017924,0.5243841409683228,0.0972941149769172,0.19984345160625974,0.5374129414558411
325,0.2,4.999999995000003e-16,2.659147946145741e-11,0.0,0.0,0.0,0.38719287514686584,6.070313852362223e-16,0.0,0.3807925581932068
326,0.2,0.03196393058737186,2.0855037950438998e-13,0.190625,0.032,0.02824495104592456,0.4067792594432831,0.006099121151510232,0.09795454023470923,0.4955505132675171
327,0.2,1.428571428367347e-16,1.857505799560655e-16,0.0,0.0,0.0,0.3616224527359009,1.613122248083069e-16,0.0,0.40680527687072754
328,0.2,0.3894003913410025,1.3232169873399237e-08,0.43571428571428567,0.2998130749398656,1.9156195385244201,0.832892894744873,0.6535654867063853,0.851358883798576,0.8980483412742615
329,0.2,0.1428571428163267,1.931119092648639e-09,0.16245006657789615,0.08163265306122448,0.3127678047849217,0.5186905264854431,0.08322776766168223,0.09757032301771586,0.5334144830703735
330,0.2,0.4999999997500003,1.6990442435374433e-08,0.5,0.23883483101116276,2.2352324700773667,0.7011364698410034,0.4316069584016326,0.5757308241455346,0.725976288318634
331,0.4,0.6065306594093685,1.457378791056803e-08,0.7721518987341772,0.3048955289504205,2.9859499619609786,0.850393533706665,0.4723665615399156,1.0190095163147348,0.9161282181739807
332,0.8,0.4999999997500003,3.0213753950277923e-12,0.5,0.23357664233576642,1.8266424780634964,0.8021326661109924,0.32440121061652066,0.4740804580198984,0.7886820435523987
333,1.0,0.8333333330555557,0.5372849656946186,0.8333333333333334,0.44757307570306,5.775215035376739,0.9033758640289307,0.7157387976330869,0.8409015501271706,0.9117776155471802
334,0.2,0.1428571428163267,1.0445522727244761e-12,0.20098846787479407,0.07358686838295544,0.1274055986590826,0.4205012917518616,0.06996215357638337,0.18216493935000339,0.48715493083000183
335,0.7,0.18181818180165296,2.8002218206748027e-09,0.21504112808460632,0.12213740458015268,0.4028821606575781,0.5009546875953674,0.21606029634827698,0.3431357664044257,0.5995022654533386
336,1.0,0.999999998000002,3.162277656215536e-05,1.0,1.0,2.5,0.953563928604126,0.9829923222559882,0.992487775673778,0.9916494488716125
337,0.2,0.14285714283673484,1.0445522728736978e-12,0.21554770318021202,0.049689440993788817,0.14594395603211302,0.4395214021205902,0.06130156007261715,0.10674403447229244,0.47882169485092163
338,1.0,0.49999999950000074,1.4953487799127914e-07,0.5,0.6999999999999998,1.4023779974003634,0.73186194896698,0.4312660987155266,0.5767950288420126,0.7684154510498047
339,0.2,0.3032653295530519,9.069748819809871e-08,0.3860759493670886,0.06106870229007633,0.15807759366823657,0.41450735926628113,0.04813169815536535,0.22062865175726082,0.5024139881134033
340,0.6,0.27272727270247943,4.411629358851744e-09,0.40219780219780216,0.30338478533850405,0.7527070791415047,0.6153120994567871,0.28487981341302254,0.47313783486677474,0.677127480506897
341,0.2,0.13986904554773838,6.081032619567567e-13,0.20098846787479407,0.0693289108999309,0.0663144543213153,0.4109622538089752,0.08469113100807983,0.12271833395401482,0.4655534327030182
342,1.0,9.99999998000001e-16,5.62341324487423e-09,0.0,0.0,0.0,0.6553139090538025,1.0065542454381442e-15,0.0,0.6553139090538025
343,0.2,1.1111111109876545e-16,1.34851118576642e-16,0.0,0.0,0.0,0.31422463059425354,3.5609498901028473e-16,0.0,0.3092042803764343
344,0.2,2.499999999375e-16,4.518010015696094e-16,0.0,0.0,0.0,0.36561882495880127,2.1938090316661018e-16,0.0,0.39381828904151917
345,0.2,0.06295853423721502,1.20680763897879e-10,0.1680440771349862,0.024922118380062308,0.15212043306233414,0.4595971405506134,0.04489502301219316,0.1300207325795285,0.5023284554481506
346,0.2,0.01704102212631095,1.9422565094896335e-11,0.21070811744386875,0.05498281786941581,0.09895389889679154,0.5061495304107666,0.010064538593621905,0.202200673937414,0.5431767702102661
347,0.5,0.3333333332222226,6.389431039534237e-10,0.5495495495495495,0.3333333333333333,1.6218685158468562,0.810555636882782,0.5724252405236663,0.7538538251038802,0.852347731590271
348,0.2,1.711390395634381e-16,5.833544732589585e-14,0.0,0.0,0.0,0.36397525668144226,1.4465647231117198e-16,0.0,0.40790855884552
349,1.0,0.3678794404356846,1.163336936997511e-05,0.6288659793814433,0.31168831168831174,2.230012553632312,0.9224258661270142,0.3678794408026656,0.9743223292601801,0.9558618664741516
350,0.2,0.20217688650348561,9.203983086797278e-06,0.36570743405275774,0.13208834838797318,0.41129801113586617,0.6095611453056335,0.10163247318406421,0.31442374527030836,0.6530864834785461
351,0.2,0.15163266485234225,1.5409904536112138e-12,0.1930379746835443,0.03265306122448979,0.1394714652880095,0.38774120807647705,0.08570380864948383,0.015255446454232711,0.43549150228500366
352,1.0,0.3678794404356846,1.163336936997511e-05,0.6288659793814433,0.2162162162162162,1.743384349760141,0.8563029170036316,0.5134171083772612,0.7627851865808474,0.8432878255844116
353,0.2,0.12499999998437514,8.783602618320613e-13,0.19805194805194803,0.13043478260869565,0.32489547975762373,0.5027775764465332,0.07927305175056217,0.05721245743177059,0.4501461088657379
354,0.2,0.2499999999687501,1.0445522729063402e-12,0.2932692307692307,0.13643569419585785,0.41786135110165534,0.43249621987342834,0.11676196407306133,0.15038872125431896,0.4443971812725067
355,0.2,0.19999999996000023,1.699044244302013e-12,0.3096446700507614,0.08421052631578947,0.14071172223880846,0.42070481181144714,0.18132683315633,0.21130675377694397,0.5200157165527344
356,0.6,0.3333333332962964,3.7531192682397405e-05,0.5495495495495495,0.4092276812714697,1.325403511792991,0.9454381465911865,0.4357679195330745,0.9442106329951828,0.962730348110199
357,0.2,9.99999998000001e-16,5.62341324487423e-09,0.0,0.0,0.0,0.39990153908729553,3.299452794782532e-15,0.0,0.43323609232902527
358,0.2,3.9493292364368273e-17,5.135131373472692e-17,0.0,0.02065997130559541,0.0,0.45842427015304565,0.047953591772164086,0.14300038461070272,0.5363272428512573
359,0.2,9.090909090082646e-17,1.0600313378380957e-16,0.0,0.0,0.0,0.45234954357147217,2.380480070118363e-16,0.0,0.4107690751552582
360,0.2,4.999999995000003e-16,2.659147946145741e-11,0.0,0.0,0.0,0.354751855134964,2.620235509802209e-16,0.0,0.39702749252319336
361,0.2,9.99999998000001e-16,5.62341324487423e-09,0.0,0.0,0.0,0.3255811929702759,3.383397096346503e-16,0.0,0.30556637048721313
362,0.2,4.999999997500001e-16,2.659147947475314e-11,0.0,0.0,0.0,0.42269662022590637,1.2634679741539912e-15,0.0,0.3768782317638397
363,0.2,0.2857142856734695,6.985342055253716e-09,0.3824451410658307,0.13268601722842374,0.7374287829979507,0.520293116569519,0.14392820491483418,0.2699698474579608,0.5481419563293457
364,1.0,0.25277961028090523,2.2037683174178798e-05,0.2993865030674847,0.12247940051854503,0.992366906734006,0.5342463254928589,0.22552165580226263,0.46433211982985256,0.6213457584381104
365,0.2,0.24999999993750027,2.540663739449812e-12,0.2932692307692307,0.05594405594405594,0.0755467467444555,0.470581591129303,0.14998833310205179,0.24765718676164353,0.49370047450065613
366,0.2,9.99999998000001e-16,5.62341324487423e-09,0.0,0.0,0.0,0.2778547704219818,1.0108920280505129e-15,0.0,0.2778547704219818
367,1.0,9.99999998000001e-16,5.62341324487423e-09,0.0,0.0,0.0,0.5496623516082764,1.0086014049961515e-15,0.0,0.6258096098899841
368,1.0,0.3032653295530519,0.00022313015995319128,0.5304347826086957,1.0,2.40525062810305,0.9928987622261047,0.8187308160709315,1.1461962418016018,0.9977710843086243
369,0.2,1.9999999996000001e-16,3.02137539638741e-16,0.0,0.0,0.0,0.34186992049217224,2.6579810927472236e-16,0.0,0.35497772693634033
370,0.2,3.3333333322222225e-16,1.1362193659467322e-13,0.0,0.0,0.0,0.35908687114715576,3.7232410323250124e-16,0.0,0.35712260007858276
371,0.2,1.9999999996000001e-16,3.02137539638741e-16,0.0,0.0,0.0,0.372802197933197,3.336171602775748e-16,0.0,0.38480129837989807
372,0.2,0.11111111109876555,7.583235672378979e-13,0.18318318318318316,0.10880000000000001,0.02546982605553439,0.397860586643219,0.07257578251226586,0.1302739180459049,0.4744948744773865
373,0.2,4.978706826829002e-17,2.799732596833058e-10,0.0,0.0,0.0,0.3700018525123596,2.53106377890233e-16,0.0,0.39269137382507324
374,0.2,6.737946985609614e-18,3.789026039791798e-11,0.0,0.0,0.0,0.29662448167800903,7.204143126069641e-18,0.0,0.2977243661880493
375,1.0,0.24999999993750027,2.540663739449812e-12,0.4485294117647059,0.32000000000000006,1.584713661901819,0.751425564289093,0.8485799433515995,0.9177715631386266,0.8930529952049255
376,0.2,1.1156507996264998e-16,5.9333610708186794e-12,0.0,0.0,0.0,0.3952443301677704,1.2312075767299513e-16,0.0,0.42181140184402466
377,0.2,1.9999999996000001e-16,3.02137539638741e-16,0.0,0.0838709677419355,0.0,0.4460830092430115,3.1758395630258187e-16,0.0,0.4475322663784027
378,1.0,0.5999999998800002,8.408964149839274e-05,0.7854077253218884,0.4970528000831549,5.080403821534443,0.8825840353965759,0.7942417076724394,0.9057000960733417,0.9090303778648376
379,1.0,0.8007374027388668,0.80073740271861,0.8840579710144927,0.5202637602347902,8.39103494247854,0.9039697051048279,0.8007373846622748,0.9212883270017208,0.9191751480102539
380,0.5,0.3333333332222226,6.389431039534237e-10,0.5495495495495495,0.3333333333333333,1.6218685158468562,0.7431906461715698,0.4346519749537981,0.6152047603621101,0.777715265750885
381,0.2,0.033833820792236326,3.438414467014718e-13,0.11466165413533834,0.020100502512562818,0.06146593994651224,0.4205317199230194,0.017177791424149085,0.09253316489117688,0.4666464030742645
382,0.2,0.2567085594307266,3.2804432767527794e-05,0.3588235294117647,0.1652378878929941,1.5341976358945961,0.5927129983901978,0.3253332611562676,0.6039997381662303,0.7495967149734497
383,0.2,0.16374615055009814,1.3910597733719862e-12,0.1788856304985337,0.03738317757009346,0.12258949811426798,0.4220935106277466,0.043028387179833504,0.05232515805959072,0.4047698378562927
384,0.2,1.9999999996000001e-16,3.02137539638741e-16,0.0,0.0,0.0,0.2912472188472748,0.16284346748250278,5.76460929125309e-05,0.33899644017219543
385,1.0,0.36787944080356333,0.0003678794408495482,0.6288659793814433,0.2581998173093651,2.974662569915019,0.8248181343078613,0.367879440776381,1.0185577288851995,0.9428957104682922
386,0.8,0.6666666665555557,0.5081327480339335,0.8299319727891156,0.5144198396668684,6.521758901791515,0.9634881019592285,0.692749623262442,0.8676862441906719,0.9501954317092896
387,1.0,0.6065306591061034,0.0006065306591819196,0.7721518987341772,0.41839678425313187,4.180120775218082,0.9647818803787231,0.7788007948569368,0.9250419936699867,0.950546145439148
388,0.2,0.49999999950000074,1.4953487799127914e-07,0.5,0.1,0.11342161452623506,0.45167672634124756,0.3585767196375864,0.338545254598941,0.5597018003463745
389,0.9,0.32749230110019606,9.302577370852147e-09,0.3577712609970674,0.16123870448010988,1.450605038172157,0.5768022537231445,0.34418724597774913,0.44585350819913877,0.6527266502380371
390,0.2,0.018143590650625093,1.541338163604085e-13,0.08276797829036635,0.02115702479338843,0.008186723975292551,0.4324335753917694,0.016211156627102676,0.08861000777118301,0.4813007712364197
391,0.2,0.07667748340329492,1.9049585210919414e-13,0.17801556420233464,0.05555555555555556,0.01858396836853159,0.5447206497192383,0.09181949850157528,0.18977058937249414,0.6071602702140808
392,1.0,0.24999999993750027,2.540663739449812e-12,0.4485294117647059,0.32000000000000006,1.4353481748999726,0.7959191203117371,0.6840433366757224,0.9038940331771974,0.8804464936256409
393,0.2,0.3422780791268763,2.1937646365034236e-06,0.47843137254901963,0.1837191007778175,1.9652235178465398,0.5792427659034729,0.17407346182278322,0.4334233014573212,0.6142687201499939
394,0.6,0.402192027460507,1.1362193661029629e-08,0.5236051502145923,0.34119261573023246,2.1385579411754745,0.6926801204681396,0.6490698652257788,0.8026962843585326,0.8130356669425964
395,0.2,2.499999999375e-16,4.518010015696094e-16,0.0,0.0,0.0,0.3558299243450165,4.048857693161871e-16,0.0,0.372122585773468
396,0.2,4.999999997500001e-16,2.659147947475314e-11,0.0,0.0,0.0,0.34072306752204895,2.519270057434078e-16,0.0,0.3565974831581116
397,0.7,0.8181818181074382,0.6989307622038801,0.8645669291338582,0.5131120550911532,6.925233924189509,0.9884960651397705,0.8415072416191026,0.8908831606976121,0.9892711043357849
398,0.6,0.27272727270247943,2.950234362881453e-05,0.47780678851174935,0.38600908942627987,1.2259314624988167,0.657793402671814,0.9481618690316678,1.0357552571885436,0.9209011793136597
399,1.0,0.6549846022003919,7.39806748512946e-05,0.7155425219941348,0.37648840356439445,3.7227317962464053,0.7606832385063171,0.5342428239502548,0.7937661132322035,0.8133559823036194
400,0.2,4.999999997500001e-16,2.659147947475314e-11,0.0,0.0,0.0,0.32704389095306396,5.086060230724455e-16,0.0,0.31316325068473816
401,0.2,6.737946985609614e-18,3.789026039791798e-11,0.0,0.0,0.0,0.3757100999355316,2.4844335539856986e-18,0.0,0.35607802867889404
402,0.2,0.2388437701381868,5.071215335691334e-09,0.2785388127853881,0.10511417720257962,0.8839738419170002,0.5038502812385559,0.18881730917840028,0.2881592940985754,0.542553186416626
403,0.5,0.4999999998750002,1.699044243962204e-08,0.7093023255813954,0.4342451472930232,3.2593396573395665,0.7330925464630127,0.81124494900968,0.9393081863968183,0.9166721701622009
404,1.0,0.7499999996250004,1.8803015450937985e-08,0.75,0.9387984278495227,2.6522437968105677,0.8590046167373657,0.7498560774398928,0.7499063328086143,0.8643037676811218
405,1.0,0.4999999999500001,0.3928146508534767,0.7093023255813954,0.49141930590728927,4.4735424583281285,0.7981827855110168,0.3503514306714502,0.7406429552796834,0.750360906124115
406,0.9,0.402192027460507,5.636697234904964e-05,0.48541114058355433,0.25197815559771053,2.964552204408035,0.7216938138008118,0.35089583715985473,0.5988881527031904,0.7690706849098206
407,1.0,0.4999999998750002,1.699044243962204e-08,0.5865384615384615,0.38470039894415475,2.7119409688429648,0.8302637934684753,0.5381534065850929,0.6358095505318793,0.8358320593833923
408,1.0,0.49999999975000053,1.4953487806604652e-07,0.7093023255813954,0.38095238095238093,2.3566653268188786,0.9459107518196106,0.8370127226091696,0.9112429022137073,0.9412378072738647
409,0.2,0.33093633838648934,5.736753415588487e-09,0.232824427480916,0.17594361029157318,0.9091824148395165,0.5285126566886902,0.1587258845728717,0.19092822504328352,0.5505994558334351
410,0.2,3.678794404356842e-16,2.068738122000421e-09,0.0,0.0,0.0,0.30308058857917786,2.0374371612996202e-16,0.0,0.3204791843891144
411,0.2,1.9999999996000001e-16,3.02137539638741e-16,0.0,0.0,0.0,0.38714706897735596,3.6426495014883604e-16,0.0,0.3583378493785858
412,1.0,0.1353352829659427,4.2796774227674215e-06,0.45864661654135336,0.14814814814814814,1.365374885039491,0.7219064831733704,0.13533528296498096,0.5129384593561024,0.7154802083969116
413,1.0,0.7165313100961022,0.022658709544448513,0.8356164383561644,0.46222744466331606,6.195026058936253,0.9627526998519897,0.778800769154036,0.9680355527944696,0.9560567140579224
414,1.0,0.7499999998125002,0.00012574334290280228,0.8798076923076923,0.5098574389611754,6.202689128540567,0.9603709578514099,0.9233811253654902,0.9637808899920963,0.9597117304801941
415,0.2,0.4999999999375001,6.985342055472008e-09,0.5398230088495575,0.2300071035945369,1.475876628089701,0.594756007194519,0.3930090537788416,0.4267743442686194,0.6606953144073486
416,0.2,0.27272727270247943,7.84510965356927e-13,0.3472485768500949,0.1260942829169842,0.13917596936908266,0.43093374371528625,0.20469359152134553,0.14438498062249938,0.5054243803024292
417,0.2,0.3333333332777779,8.633400211654075e-09,0.4149659863945578,0.19496720898870426,1.4567573782854981,0.6868685483932495,0.3125950906060436,0.3385562736750792,0.6761876940727234
418,1.0,0.15570161190539838,2.9752796563815412e-09,0.29611650485436897,0.14135985233041976,0.3294916456233799,0.5484417080879211,0.1023910882209202,0.24684000819996524,0.6098538637161255
419,0.5,0.2424987688889719,1.2389315211718577e-05,0.2846034214618974,0.15837331815575262,0.7777208267796991,0.7229927182197571,0.30554626549086145,0.5932921535296746,0.8361905217170715
420,0.2,1.666666666388889e-16,2.295748846116193e-16,0.0,0.0,0.0,0.3726261854171753,2.1024113918970622e-16,0.0,0.40345537662506104
421,1.0,0.4999999999166668,6.389431040945238e-05,0.7093023255813954,0.4936714885179634,4.6787248307851055,0.8980118036270142,0.8866098585453487,0.8578534905188839,0.9284954071044922
422,1.0,0.6065306591061034,0.0006065306591819196,0.7721518987341772,0.41839678425313187,4.066789654118726,0.9527641534805298,0.6065306591034305,0.948246378606417,0.9460481405258179
423,0.2,4.999999995000003e-16,2.659147946145741e-11,0.0,0.0,0.0,0.32620400190353394,2.5537053587874973e-16,0.0,0.33072149753570557
424,0.2,3.678794404356842e-16,2.068738122000421e-09,0.0,0.0,0.0,0.30525365471839905,3.3557755548849444e-16,0.0,0.3208411633968353
425,1.0,0.3678794404356846,1.163336936997511e-05,0.6288659793814433,0.31168831168831174,2.3552123188946616,0.9193165898323059,0.36787944043484655,0.8645021421193939,0.911808967590332
426,0.2,9.99999998000001e-16,5.62341324487423e-09,0.0,0.0,0.0,0.37896421551704407,5.792091843429294e-16,0.0,0.36096012592315674
427,0.2,0.2681280183070047,7.61630617640397e-09,0.32360742705570295,0.17801353864186045,1.6009457851145714,0.6690192818641663,0.2938299228320258,0.34332813948281365,0.6451300382614136
428,1.0,0.08208499854181397,8.208499855207459e-05,0.40397350993377484,0.1431219961115582,1.623047951162826,0.7149237990379333,0.08208499852932395,0.5112197013209332,0.7405241131782532
429,0.2,0.2857142856326532,1.2421889947162098e-12,0.2857142857142857,0.1437125748502994,1.1491762338710267,0.6752466559410095,0.37845700795429277,0.42293979996655146,0.6819625496864319
430,0.2,1.428571428367347e-16,1.857505799560655e-16,0.0,0.0,0.0,0.3636823892593384,2.050158071245162e-16,0.0,0.4082619547843933
431,1.0,0.1999999999800001,4.463236137318893e-09,0.37888198757763975,0.35382937927579666,0.9494508929080103,0.701011061668396,0.4874347880274832,0.7652124233860916,0.7896317839622498
432,0.2,0.49999999950000074,1.4953487799127914e-07,0.5,0.2,1.2500000000000002,0.5158231854438782,0.2481436691216038,0.28348482298498007,0.5069409608840942
433,0.2,1.9999999996000001e-16,3.02137539638741e-16,0.0,0.0,0.0,0.36766669154167175,3.323591493336567e-16,0.0,0.35818302631378174
434,0.2,1.3533528296594253e-16,7.610462242515746e-10,0.0,0.0,0.0,0.35552355647087097,1.5086659415679971e-16,0.0,0.361765056848526
435,1.0,4.999999995000003e-16,2.659147946145741e-11,0.0,0.0,0.0,0.35199999809265137,5.608680221756009e-16,0.0,0.37207961082458496
436,0.2,3.678794404356842e-16,2.068738122000421e-09,0.0,0.0,0.0,0.4609247148036957,1.387537315989312e-16,0.0,0.43338727951049805
437,0.2,9.99999998000001e-16,5.62341324487423e-09,0.0,0.0,0.0,0.38793331384658813,1.0109909558096033e-15,0.0,0.40221357345581055
438,1.0,0.3333333332222226,6.389431039534237e-10,0.5495495495495495,0.3333333333333333,1.7048116835651026,0.7480669021606445,0.7161443203196799,0.837715163749633,0.8418503999710083
439,0.2,6.76676415506388e-17,3.5987654045969106e-12,0.0,0.0,0.0,0.3161361813545227,7.556128710638766e-17,0.0,0.3151867687702179
440,0.2,0.01598196529368594,1.6241919886785757e-13,0.0953125,0.013536379018612524,0.008452167923021262,0.3693987727165222,0.004196284702415872,0.0051656804931714114,0.3815896213054657
441,1.0,0.3678794409261896,6.389431039534237e-10,0.5495495495495495,0.3333333333333333,1.6218685158468562,0.8039061427116394,0.500956256117486,0.6738038823748015,0.9429498910903931
442,0.2,0.19999999996000023,1.699044244302013e-12,0.22676579925650556,0.049079754601226995,0.09789334784473143,0.4544166326522827,0.02846321861052779,0.18906610990056227,0.4148346185684204
443,0.2,1.3533528296594253e-16,7.610462242515746e-10,0.0,0.0,0.0,0.31427201628685,3.3457602997904517e-16,0.0,0.3498695492744446
444,1.0,0.4999999998750002,1.699044243962204e-08,0.5865384615384615,0.8241563055062167,2.576159638594355,0.7763009667396545,0.8463827984169203,0.8615250055393805,0.9037235379219055
445,1.0,0.06766764155063885,2.0237345066702103e-08,0.22932330827067668,0.08275862068965519,0.6423816712556885,0.5486558675765991,0.18391499799583338,0.5455411271531168,0.6473613977432251
446,0.8,0.19999999996000023,1.699044244302013e-12,0.37888198757763975,0.2857142857142857,1.1217311714959486,0.6546971201896667,0.30208209225281196,0.6874901357533847,0.7093427181243896
447,1.0,0.6065306591061034,0.0006065306591819196,0.7721518987341772,0.33520678036654417,3.7564711970301365,0.902323842048645,0.6703200376894896,0.9084969215364429,0.9429898262023926
448,0.2,1.3533528296594253e-16,7.610462242515746e-10,0.0,0.0,0.0,0.3165055811405182,1.2939018797340906e-15,0.0,0.3311299979686737
449,0.2,0.18393972049375146,6.250434468381108e-09,0.31443298969072164,0.12780459184543827,1.118052469046443,0.5960841774940491,0.1888611212535639,0.28112143130359657,0.6107639074325562
450,1.0,0.2999999999700001,3.303164317618281e-05,0.4644670050761421,0.33118784851531546,1.5925736281860294,0.7198256850242615,0.319078134948246,0.48663435147425244,0.7764241695404053
451,0.2,0.15163266485234225,1.5409904536112138e-12,0.1930379746835443,0.030534351145038163,0.09775709600930403,0.4530751407146454,0.03183421856404108,0.04732820886243368,0.469135582447052
452,0.2,1.711390395634381e-16,5.833544732589585e-14,0.0,0.03550213932007656,0.0,0.405146062374115,1.4093994890034926e-16,0.0,0.41473501920700073
453,0.2,0.15739633564550287,2.4383735466637035e-09,0.42011019283746553,0.15275724304384647,0.4336551171079836,0.6831225156784058,0.15148653056954695,0.39736441521656846,0.7173053026199341
454,0.2,3.678794404356842e-16,2.068738122000421e-09,0.0,0.0,0.0,0.35604557394981384,5.02243977660778e-16,0.0,0.36229804158210754
455,0.2,9.99999998000001e-16,5.62341324487423e-09,0.0,0.0,0.0,0.3400017023086548,5.233602129081756e-16,0.0,0.3246542513370514
456,0.2,0.011108996527133333,1.9754899792864464e-09,0.1367713004484305,0.10835214446952597,0.41302012839276203,0.6564890742301941,0.0067379466579033775,0.24653193873061438,0.6782253980636597
457,1.0,0.5999999998800002,8.408964149839274e-05,0.7854077253218884,0.4970528000831549,4.915760479896395,0.8552362322807312,0.722593540265972,0.8454779736211007,0.887756884098053
458,0.2,9.99999998000001e-16,5.62341324487423e-09,0.0,0.0,0.0,0.40196511149406433,6.736672372760271e-17,0.0,0.4085105061531067
459,0.2,4.999999997500001e-16,2.659147947475314e-11,0.0,0.0,0.0,0.32898712158203125,0.24943257705851865,0.00010754837796239186,0.3591919541358948
460,0.8,0.6666666662222226,4.272870060579654e-06,0.6666666666666666,0.38213572961786046,4.041884902913317,0.9367204904556274,0.6830050099062237,0.9585196496058336,0.9829323887825012
461,0.2,4.539992967168555e-20,2.5530256634271994e-13,0.0,0.0,0.0,0.36933594942092896,1.908148972798755e-18,0.0,0.39000797271728516
462,1.0,0.2195246543498009,1.108882419297383e-12,0.2953995157384988,0.09523809523809523,0.6766084601286554,0.6000354290008545,0.2898306398640615,0.39239109115546106,0.6238934397697449
463,0.2,0.19470019567050137,3.791080141597776e-09,0.26521739130434785,0.1157987059448062,0.8489159978434915,0.5708418488502502,0.13255770739008949,0.3232634409128104,0.6233065724372864
464,0.2,0.5367694949004131,0.46199933684084643,0.6112224448897796,0.31013352537441735,4.934260668606844,0.7199634313583374,0.6753020351471206,1.036663734153094,0.9237000346183777
465,0.2,6.737946985609614e-18,3.789026039791798e-11,0.0,0.0,0.0,0.36787715554237366,2.711173880306634e-18,0.0,0.35344526171684265
466,1.0,0.6666666662222226,0.00833567340487775,0.6666666666666666,0.32942735311884513,3.4369806393974107,0.8424057960510254,0.7411345908133745,0.8567521227054137,0.9095779061317444
467,1.0,0.3333333332222226,6.389431039534237e-10,0.5495495495495495,0.3333333333333333,1.618530684716001,0.7444926500320435,0.781580737714661,0.8784503019384619,0.876050591468811
468,1.0,0.36787944080356333,0.0003678794408495482,0.6288659793814433,0.3722101262511628,3.5923538620357345,0.8669233918190002,0.22313015301682484,0.8554066121242596,0.8901574611663818
469,0.6,0.36363636360330587,4.740604259372055e-09,0.4629981024667932,0.20810279674706825,1.0393619419290736,0.6527731418609619,0.35223969225330826,0.5174834171320281,0.7564046382904053
470,1.0,0.3333333332777779,1.5352597835010118e-12,0.5495495495495495,0.3076923076923077,1.0632306844424249,0.6609014868736267,0.506561678573911,0.6176620547661665,0.7009737491607666
471,1.0,0.6065306591061034,0.0006065306591819196,0.7721518987341772,0.41839678425313187,4.132093923363387,0.9377369284629822,0.6065306590355446,0.8594014109687865,0.9347988367080688
472,0.2,4.999999997500001e-16,2.659147947475314e-11,0.0,0.0,0.0,0.2742460072040558,1.6730286873302036e-16,0.0,0.2694898247718811
473,0.2,0.1999999999800001,7.93688092513584e-13,0.26180257510729615,0.14891175103698778,0.212212986583303,0.5378336310386658,0.12271452012156352,0.21964462620932068,0.5411343574523926
474,0.2,3.0326532955305157e-16,1.6128547580492708e-11,0.0,0.0,0.0,0.4107128381729126,3.993629545010898e-16,0.0,0.426853746175766
475,1.0,0.3678794409261896,0.011633369375307054,0.6288659793814433,0.2801919259156008,4.010622425237317,0.7279722094535828,0.347196968365988,0.9433810051699606,0.926851749420166
476,0.4,0.3999999999600001,0.2626909894109608,0.5236051502145923,0.29878631783390713,2.83400825342319,0.6280274987220764,0.4390925779140936,0.5472313850694193,0.676887035369873
477,0.2,4.999999997500001e-16,2.659147947475314e-11,0.0,0.0,0.0,0.29339638352394104,3.54185529311452e-16,0.0,0.3456989526748657
478,1.0,0.49999999975000053,1.4953487806604652e-07,0.7093023255813954,0.6,1.743384349760141,0.8079355359077454,0.5825441358569848,0.7286447926273734,0.8492379784584045
479,1.0,0.5714285713469389,8.30701847283545e-09,0.7648902821316614,0.4821090987031951,2.598298461832327,0.951877772808075,0.8240753334359919,0.9061194074843241,0.9361702799797058
480,1.0,0.4999999997500003,3.0213753950277923e-12,0.5,0.2869540311953634,0.4158816106961054,0.7233180403709412,0.16193787129843326,0.209074695352648,0.7112621665000916
481,0.4,0.19470019567050137,1.97867090930997e-12,0.21785714285714283,0.12,0.7926897967978435,0.544640302658081,0.19021990714564313,0.24002056428067908,0.5569221377372742
482,0.2,0.24767939985785795,6.055438649029897e-09,0.2634989200863931,0.050413684646155726,0.682823287290424,0.4205826222896576,0.18123854262284203,0.25936276663223584,0.5028596520423889
483,0.2,0.2499999999687501,1.0445522729063402e-12,0.32105263157894737,0.14349775784753363,0.6470915383280689,0.5431317090988159,0.2591828410960907,0.27548418152662263,0.6288630366325378
484,0.4,0.8668778995025025,0.728954518120046,0.9222462203023757,0.47032671055256536,7.5695583796757315,0.9104267954826355,0.8187308031215117,0.8863767727060933,0.9052131175994873
485,0.2,9.99999998000001e-16,5.62341324487423e-09,0.0,0.0,0.0,0.37992990016937256,3.43892770835088e-16,0.0,0.3570268154144287
486,0.2,2.499999999375e-16,4.518010015696094e-16,0.0,0.0,0.0,0.4100366234779358,1.6762788235847815e-15,0.0,0.43895936012268066
487,0.6,0.3333333332222226,6.389431039534237e-10,0.5495495495495495,0.3333333333333333,1.6218685158468562,0.7775711417198181,0.5015227216174585,0.6787780138350531,0.7794057726860046
488,1.0,0.3678794404356846,1.163336936997511e-05,0.6288659793814433,0.2162162162162162,1.743384349760141,0.5709628462791443,0.018315638851750644,0.33822338870701135,0.5693814754486084
489,0.2,1.3533528296594253e-16,7.610462242515746e-10,0.0,0.0,0.0,0.3534564673900604,7.293990772470638e-16,0.0,0.380058228969574
490,0.2,0.2857142856734695,6.985342055253716e-09,0.3824451410658307,0.21112471249605547,1.3432842260632685,0.5450000762939453,0.5452579063876989,0.6713861914013771,0.6787241697311401
491,1.0,0.5999999999400001,0.5169731538952672,0.7854077253218884,0.5279124806700477,5.648212817733656,0.7278327345848083,0.9821290484696527,0.7030463043556892,0.8947120308876038
492,0.2,2.499999999375e-16,4.518010015696094e-16,0.0,0.0,0.0,0.34894701838493347,8.184881384543895e-16,0.0,0.3526085615158081
493,0.2,0.4999999997500003,1.6990442435374433e-08,0.5,0.22030090175114117,1.7397363745163963,0.7050644755363464,0.004400440984882542,0.005964410859620834,0.36062636971473694
494,1.0,1.2499999998437502e-16,1.5619699682123511e-16,0.0,0.09458128078817735,0.0,0.4041803777217865,2.1843472082711175e-16,0.0,0.44354313611984253
495,0.2,0.06062469222224302,4.432796204344116e-13,0.0948678071539658,0.016913319238900635,0.05697391504803167,0.405820369720459,0.03968907474428682,0.05849595996126839,0.4313245713710785
496,0.2,1.2262648030872984e-16,4.1799174525332396e-14,0.0,0.0,0.0,0.3519650995731354,1.1603858191443692e-16,0.0,0.40058809518814087
497,0.2,0.402192027460507,5.636697234904964e-05,0.48541114058355433,0.20901413828381518,2.551585582263761,0.769111692905426,0.46518085231375367,0.4786466876118308,0.8240073919296265
498,0.2,2.499999999375e-16,4.518010015696094e-16,0.0,0.0,0.0,0.35968664288520813,5.231265932977858e-16,0.0,0.3537794351577759
499,0.2,1.666666666388889e-16,2.295748846116193e-16,0.0,0.0,0.0,0.3851550221443176,2.644606420978703e-16,0.0,0.3841772973537445
